CNPJ,DENOM_SOCIAL,Data,TAB_X_CLASSE_SERIE,TAB_X_NR_COTST,TP_FUNDO_CLASSE
08.654.210/0001-05,FUNDO DE INVESTIMENTO EM DIREITOS CREDITÓRIOS MULTISSETORIAL ONE7 LP,2023-10-31,Subclasse Subordinada Cota Mezanino | Serie 1,0,
08.654.210/0001-05,FUNDO DE INVESTIMENTO EM DIREITOS CREDITÓRIOS MULTISSETORIAL ONE7 LP,2023-10-31,Subclasse Subordinada Cota Mezanino | Serie 1,0,
12.803.721/0001-19,FUNDO DE INVESTIMENTO EM DIREITOS CREDITÓRIOS FRATTO LP - NÃO PADRONIZADO,2023-10-31,Subclasse Senior 0,0,
12.803.721/0001-19,FUNDO DE INVESTIMENTO EM DIREITOS CREDITÓRIOS FRATTO LP - NÃO PADRONIZADO,2023-10-31,Subclasse Senior 0,0,
12.803.721/0001-19,FUNDO DE INVESTIMENTO EM DIREITOS CREDITÓRIOS FRATTO LP - NÃO PADRONIZADO,2023-10-31,Subclasse Subordinada 0 | 0,0,
12.803.721/0001-19,FUNDO DE INVESTIMENTO EM DIREITOS CREDITÓRIOS FRATTO LP - NÃO PADRONIZADO,2023-10-31,Subclasse Subordinada 0 | 0,0,
12.803.721/0001-19,FUNDO DE INVESTIMENTO EM DIREITOS CREDITÓRIOS FRATTO LP - NÃO PADRONIZADO,2023-10-31,Subclasse Subordinada 0 | 0,0,
19.388.423/0001-59,FUNDO DE INVESTIMENTO EM DIREITOS CREDITÓRIOS IOSAN,2023-10-31,Subclasse Senior Serie Unica,0,
19.388.423/0001-59,FUNDO DE INVESTIMENTO EM DIREITOS CREDITÓRIOS IOSAN,2023-10-31,Subclasse Senior Serie Unica,0,
21.053.898/0001-36,ARTCON FUNDO DE INVESTIMENTO EM DIREITOS  CREDITÓRIOS MULTISETORIAL RESPONSABILIDADE LIMITADA,2023-10-31,Subclasse Senior,0,
21.053.898/0001-36,ARTCON FUNDO DE INVESTIMENTO EM DIREITOS  CREDITÓRIOS MULTISETORIAL RESPONSABILIDADE LIMITADA,2023-10-31,Subclasse Senior,0,
21.053.898/0001-36,ARTCON FUNDO DE INVESTIMENTO EM DIREITOS  CREDITÓRIOS MULTISETORIAL RESPONSABILIDADE LIMITADA,2023-10-31,Subclasse Subordinada  |,1,
21.053.898/0001-36,ARTCON FUNDO DE INVESTIMENTO EM DIREITOS  CREDITÓRIOS MULTISETORIAL RESPONSABILIDADE LIMITADA,2023-10-31,Subclasse Subordinada  |,0,
21.053.898/0001-36,ARTCON FUNDO DE INVESTIMENTO EM DIREITOS  CREDITÓRIOS MULTISETORIAL RESPONSABILIDADE LIMITADA,2023-10-31,Subclasse Subordinada  |,0,
22.003.571/0001-12,INVESTOR FUNDO DE INVESTIMENTO EM DIREITOS CREDITÓRIOS,2023-10-31,Subclasse Senior Serie Unica,0,
22.003.571/0001-12,INVESTOR FUNDO DE INVESTIMENTO EM DIREITOS CREDITÓRIOS,2023-10-31,Subclasse Senior Serie Unica,0,
23.521.077/0001-02,CONSIGA MAIS FUNDO DE INVESTIMENTO EM DIREITOS CREDITÓRIOS,2023-10-31,Subclasse Subordinada Cota Mezanino | Serie 2,0,
23.521.077/0001-02,CONSIGA MAIS FUNDO DE INVESTIMENTO EM DIREITOS CREDITÓRIOS,2023-10-31,Subclasse Subordinada Cota Mezanino | Serie 2,0,
23.957.002/0001-79,FUNDO DE INVESTIMENTO EM DIREITOS CREDITORIOS EMPIRICA RECARGA VIRTUAL,2023-10-31,Subclasse Senior Serie Unica,0,
23.957.002/0001-79,FUNDO DE INVESTIMENTO EM DIREITOS CREDITORIOS EMPIRICA RECARGA VIRTUAL,2023-10-31,Subclasse Senior Serie Unica,0,
25.162.160/0001-68,LEX FINANCIAL INVESTMENTS FIC FIDC,2023-10-31,Subclasse Senior,0,
25.162.160/0001-68,LEX FINANCIAL INVESTMENTS FIC FIDC,2023-10-31,Subclasse Senior,0,
25.162.160/0001-68,LEX FINANCIAL INVESTMENTS FIC FIDC,2023-10-31,Subclasse Subordinada  |,1,
25.162.160/0001-68,LEX FINANCIAL INVESTMENTS FIC FIDC,2023-10-31,Subclasse Subordinada  |,0,
26.405.874/0001-12,FUNDO DE INVESTIMENTO EM DIREITOS CREDITÓRIOS ATACADO - NÃO PADRONIZADO,2023-10-31,Subclasse Senior,0,
26.405.874/0001-12,FUNDO DE INVESTIMENTO EM DIREITOS CREDITÓRIOS ATACADO - NÃO PADRONIZADO,2023-10-31,Subclasse Senior,0,
26.405.874/0001-12,FUNDO DE INVESTIMENTO EM DIREITOS CREDITÓRIOS ATACADO - NÃO PADRONIZADO,2023-10-31,Subclasse Subordinada  |,1,
26.405.874/0001-12,FUNDO DE INVESTIMENTO EM DIREITOS CREDITÓRIOS ATACADO - NÃO PADRONIZADO,2023-10-31,Subclasse Subordinada  |,0,
26.690.344/0001-63,FATORI FUNDO DE INVESTIMENTO EM DIREITOS CREDITORIOS MULTISSETORIAL,2023-10-31,Subclasse Senior Serie Unica,0,
26.690.344/0001-63,FATORI FUNDO DE INVESTIMENTO EM DIREITOS CREDITORIOS MULTISSETORIAL,2023-10-31,Subclasse Senior Serie Unica,0,
27.643.856/0001-31,STRATA BLACK BELT FUNDO DE INVESTIMENTO EM DIREITOS CREDITORIOS NÃO - PADRONIZADOS,2023-10-31,Subclasse Senior,0,
27.643.856/0001-31,STRATA BLACK BELT FUNDO DE INVESTIMENTO EM DIREITOS CREDITORIOS NÃO - PADRONIZADOS,2023-10-31,Subclasse Senior,0,
27.643.856/0001-31,STRATA BLACK BELT FUNDO DE INVESTIMENTO EM DIREITOS CREDITORIOS NÃO - PADRONIZADOS,2023-10-31,Subclasse Subordinada  |,1,
27.643.856/0001-31,STRATA BLACK BELT FUNDO DE INVESTIMENTO EM DIREITOS CREDITORIOS NÃO - PADRONIZADOS,2023-10-31,Subclasse Subordinada  |,0,
28.169.275/0001-72,FUNDO DE INVESTIMENTO EM DIREITOS CREDITÓRIOS PAGSEGURO I,2023-10-31,Subclasse Senior,10,
28.169.275/0001-72,FUNDO DE INVESTIMENTO EM DIREITOS CREDITÓRIOS PAGSEGURO I,2023-10-31,Subclasse Senior,0,
28.169.275/0001-72,FUNDO DE INVESTIMENTO EM DIREITOS CREDITÓRIOS PAGSEGURO I,2023-10-31,Subclasse Subordinada  |,2,
28.169.275/0001-72,FUNDO DE INVESTIMENTO EM DIREITOS CREDITÓRIOS PAGSEGURO I,2023-10-31,Subclasse Subordinada  |,0,
28.169.275/0001-72,FUNDO DE INVESTIMENTO EM DIREITOS CREDITÓRIOS PAGSEGURO I,2023-10-31,Subclasse Subordinada  |,0,
28.296.477/0001-85,RIO GUAIMBÊ FUNDO DE INVESTIMENTO FINANCEIRO MULTIMERCADO CRÉDITO PRIVADO,2023-10-31,Subclasse Senior,0,
28.296.477/0001-85,RIO GUAIMBÊ FUNDO DE INVESTIMENTO FINANCEIRO MULTIMERCADO CRÉDITO PRIVADO,2023-10-31,Subclasse Senior,0,
28.296.477/0001-85,RIO GUAIMBÊ FUNDO DE INVESTIMENTO FINANCEIRO MULTIMERCADO CRÉDITO PRIVADO,2023-10-31,Subclasse Subordinada  |,1,
28.296.477/0001-85,RIO GUAIMBÊ FUNDO DE INVESTIMENTO FINANCEIRO MULTIMERCADO CRÉDITO PRIVADO,2023-10-31,Subclasse Subordinada  |,0,
28.849.641/0001-34,SQUID FUNDO DE INVESTIMENTO EM DIRETOS CREDITÓRIOS,2023-10-31,Subclasse Subordinada Sub | Subordinada 1,2,
28.849.641/0001-34,SQUID FUNDO DE INVESTIMENTO EM DIRETOS CREDITÓRIOS,2023-10-31,Subclasse Subordinada Sub | Subordinada 1,4,
28.951.125/0001-16,PEROLA NEGRA FUNDO DE INVESTIMENTO FINANCEIRO MULTIMERCADO CREDITO PRIVADO,2023-10-31,Subclasse Senior,0,
28.951.125/0001-16,PEROLA NEGRA FUNDO DE INVESTIMENTO FINANCEIRO MULTIMERCADO CREDITO PRIVADO,2023-10-31,Subclasse Senior,0,
28.951.125/0001-16,PEROLA NEGRA FUNDO DE INVESTIMENTO FINANCEIRO MULTIMERCADO CREDITO PRIVADO,2023-10-31,Subclasse Subordinada  |,1,
28.951.125/0001-16,PEROLA NEGRA FUNDO DE INVESTIMENTO FINANCEIRO MULTIMERCADO CREDITO PRIVADO,2023-10-31,Subclasse Subordinada  |,0,
28.951.141/0001-09,AMBAR BRANCO FUNDO DE INVESTIMENTO FINANCEIRO MULTIMERCADO CRÉDITO PRIVADO,2023-10-31,Subclasse Senior,0,
28.951.141/0001-09,AMBAR BRANCO FUNDO DE INVESTIMENTO FINANCEIRO MULTIMERCADO CRÉDITO PRIVADO,2023-10-31,Subclasse Senior,0,
28.951.141/0001-09,AMBAR BRANCO FUNDO DE INVESTIMENTO FINANCEIRO MULTIMERCADO CRÉDITO PRIVADO,2023-10-31,Subclasse Subordinada  |,1,
28.951.141/0001-09,AMBAR BRANCO FUNDO DE INVESTIMENTO FINANCEIRO MULTIMERCADO CRÉDITO PRIVADO,2023-10-31,Subclasse Subordinada  |,0,
29.010.636/0001-04,FUNDO DE INVESTIMENTO EM DIREITOS CREDITÓRIOS NP OPTIONS,2023-10-31,Subclasse Senior,0,
29.010.636/0001-04,FUNDO DE INVESTIMENTO EM DIREITOS CREDITÓRIOS NP OPTIONS,2023-10-31,Subclasse Senior,0,
29.010.636/0001-04,FUNDO DE INVESTIMENTO EM DIREITOS CREDITÓRIOS NP OPTIONS,2023-10-31,Subclasse Subordinada  |,2,
29.010.636/0001-04,FUNDO DE INVESTIMENTO EM DIREITOS CREDITÓRIOS NP OPTIONS,2023-10-31,Subclasse Subordinada  |,0,
29.152.737/0001-01,POUSO ALEGRE FIC FIDC MULTISSETORIAL - RESPONSABILIDADE LIMITADA,2023-10-31,Subclasse Senior Serie Unica,0,
29.152.737/0001-01,POUSO ALEGRE FIC FIDC MULTISSETORIAL - RESPONSABILIDADE LIMITADA,2023-10-31,Subclasse Senior Serie Unica,0,
29.292.189/0001-15,FUNDO DE INVESTIMENTO EM DIREITOS CREDITORIOS NAO PADRONIZADOS HENDRIKSEN,2023-10-31,Subclasse Senior 0,0,
29.292.189/0001-15,FUNDO DE INVESTIMENTO EM DIREITOS CREDITORIOS NAO PADRONIZADOS HENDRIKSEN,2023-10-31,Subclasse Senior 0,0,
29.292.189/0001-15,FUNDO DE INVESTIMENTO EM DIREITOS CREDITORIOS NAO PADRONIZADOS HENDRIKSEN,2023-10-31,Subclasse Subordinada 0 | 0,0,
29.292.189/0001-15,FUNDO DE INVESTIMENTO EM DIREITOS CREDITORIOS NAO PADRONIZADOS HENDRIKSEN,2023-10-31,Subclasse Subordinada 0 | 0,0,
29.292.189/0001-15,FUNDO DE INVESTIMENTO EM DIREITOS CREDITORIOS NAO PADRONIZADOS HENDRIKSEN,2023-10-31,Subclasse Subordinada 0 | 0,0,
30.791.451/0001-55,CRESTONE I FUNDO DE INVESTIMENTO EM DIREITOS CREDITORIOS NAO PADRONIZADOS,2023-10-31,Subclasse Senior,0,
30.791.451/0001-55,CRESTONE I FUNDO DE INVESTIMENTO EM DIREITOS CREDITORIOS NAO PADRONIZADOS,2023-10-31,Subclasse Senior,0,
30.791.451/0001-55,CRESTONE I FUNDO DE INVESTIMENTO EM DIREITOS CREDITORIOS NAO PADRONIZADOS,2023-10-31,Subclasse Subordinada  |,9,
30.791.451/0001-55,CRESTONE I FUNDO DE INVESTIMENTO EM DIREITOS CREDITORIOS NAO PADRONIZADOS,2023-10-31,Subclasse Subordinada  |,0,
31.216.519/0001-35,FUNDO DE INVESTIMENTO EM DIREITOS CREDITÓRIOS XP CRÉDITO MIDDLE,2023-10-31,Subclasse Senior,7,
31.216.519/0001-35,FUNDO DE INVESTIMENTO EM DIREITOS CREDITÓRIOS XP CRÉDITO MIDDLE,2023-10-31,Subclasse Senior,30,
31.216.519/0001-35,FUNDO DE INVESTIMENTO EM DIREITOS CREDITÓRIOS XP CRÉDITO MIDDLE,2023-10-31,Subclasse Subordinada  |,3,
31.216.519/0001-35,FUNDO DE INVESTIMENTO EM DIREITOS CREDITÓRIOS XP CRÉDITO MIDDLE,2023-10-31,Subclasse Subordinada  |,30,
33.360.335/0001-70,FUNDO DE INVESTIMENTO EM DIREITOS CREDITÓRIOS NÃO-PADRONIZADOS OPTIONS II,2023-10-31,Subclasse Senior,0,
33.360.335/0001-70,FUNDO DE INVESTIMENTO EM DIREITOS CREDITÓRIOS NÃO-PADRONIZADOS OPTIONS II,2023-10-31,Subclasse Senior,0,
33.360.335/0001-70,FUNDO DE INVESTIMENTO EM DIREITOS CREDITÓRIOS NÃO-PADRONIZADOS OPTIONS II,2023-10-31,Subclasse Subordinada  |,2,
33.360.335/0001-70,FUNDO DE INVESTIMENTO EM DIREITOS CREDITÓRIOS NÃO-PADRONIZADOS OPTIONS II,2023-10-31,Subclasse Subordinada  |,0,
34.395.364/0001-30,CIVITAS FUNDO DE INVESTIMENTO EM DIREITOS CREDITÓRIOS,2023-10-31,Subclasse Subordinada  |,1,
34.395.364/0001-30,CIVITAS FUNDO DE INVESTIMENTO EM DIREITOS CREDITÓRIOS,2023-10-31,Subclasse Subordinada  |,1,
34.736.673/0001-26,BW GSS FUNDO DE INVESTIMENTO EM DIREITOS CREDITÓRIOS - NÃO PADRONIZADO,2023-10-31,Subclasse Senior,0,
34.736.673/0001-26,BW GSS FUNDO DE INVESTIMENTO EM DIREITOS CREDITÓRIOS - NÃO PADRONIZADO,2023-10-31,Subclasse Senior,0,
34.736.673/0001-26,BW GSS FUNDO DE INVESTIMENTO EM DIREITOS CREDITÓRIOS - NÃO PADRONIZADO,2023-10-31,Subclasse Subordinada  |,1,
34.736.673/0001-26,BW GSS FUNDO DE INVESTIMENTO EM DIREITOS CREDITÓRIOS - NÃO PADRONIZADO,2023-10-31,Subclasse Subordinada  |,0,
35.654.823/0001-15,ADGM FUNDO DE INVESTIMENTO EM DIREITOS CREDITÓRIOS,2023-10-31,Subclasse Subordinada Cota Mezanino | Serie 1,0,
35.654.823/0001-15,ADGM FUNDO DE INVESTIMENTO EM DIREITOS CREDITÓRIOS,2023-10-31,Subclasse Subordinada Cota Mezanino | Serie 1,3,
35.688.072/0001-58,VINCI ANTECIPE PLUS FUNDO DE INVESTIMENTO EM DIREITOS CREDITÓRIOS,2023-10-31,Subclasse Senior,0,
35.688.072/0001-58,VINCI ANTECIPE PLUS FUNDO DE INVESTIMENTO EM DIREITOS CREDITÓRIOS,2023-10-31,Subclasse Senior,0,
35.688.072/0001-58,VINCI ANTECIPE PLUS FUNDO DE INVESTIMENTO EM DIREITOS CREDITÓRIOS,2023-10-31,Subclasse Subordinada  |,1,
35.688.072/0001-58,VINCI ANTECIPE PLUS FUNDO DE INVESTIMENTO EM DIREITOS CREDITÓRIOS,2023-10-31,Subclasse Subordinada  |,0,
35.688.101/0001-81,FUNDO DE INVESTIMENTO EM DIREITOS CREDITÓRIOS NÃO-PADRONIZADOS CLAIMS S1,2023-10-31,Subclasse Senior,0,
35.688.101/0001-81,FUNDO DE INVESTIMENTO EM DIREITOS CREDITÓRIOS NÃO-PADRONIZADOS CLAIMS S1,2023-10-31,Subclasse Senior,0,
35.688.101/0001-81,FUNDO DE INVESTIMENTO EM DIREITOS CREDITÓRIOS NÃO-PADRONIZADOS CLAIMS S1,2023-10-31,Subclasse Subordinada  |,1,
35.688.101/0001-81,FUNDO DE INVESTIMENTO EM DIREITOS CREDITÓRIOS NÃO-PADRONIZADOS CLAIMS S1,2023-10-31,Subclasse Subordinada  |,0,
35.688.153/0001-58,MAGALU I - FUNDO DE INVESTIMENTO EM DIREITOS CREDITÓRIOS.,2023-10-31,Subclasse Senior,0,
35.688.153/0001-58,MAGALU I - FUNDO DE INVESTIMENTO EM DIREITOS CREDITÓRIOS.,2023-10-31,Subclasse Senior,0,
35.688.153/0001-58,MAGALU I - FUNDO DE INVESTIMENTO EM DIREITOS CREDITÓRIOS.,2023-10-31,Subclasse Subordinada  |,1,
35.688.153/0001-58,MAGALU I - FUNDO DE INVESTIMENTO EM DIREITOS CREDITÓRIOS.,2023-10-31,Subclasse Subordinada  |,0,
35.820.716/0001-10,FRADE IV FUNDO DE INVESTIMENTO EM DIREITOS CREDITÓRIOS,2023-10-31,Subclasse Senior,0,
35.820.716/0001-10,FRADE IV FUNDO DE INVESTIMENTO EM DIREITOS CREDITÓRIOS,2023-10-31,Subclasse Senior,0,
35.820.716/0001-10,FRADE IV FUNDO DE INVESTIMENTO EM DIREITOS CREDITÓRIOS,2023-10-31,Subclasse Subordinada  |,1,
35.820.716/0001-10,FRADE IV FUNDO DE INVESTIMENTO EM DIREITOS CREDITÓRIOS,2023-10-31,Subclasse Subordinada  |,0,
35.844.801/0001-18,NF FUNDO DE INVESTIMENTO EM DIREITOS CREDITÓRIOS,2023-10-31,Subclasse Senior,1,
35.844.801/0001-18,NF FUNDO DE INVESTIMENTO EM DIREITOS CREDITÓRIOS,2023-10-31,Subclasse Senior,1,
35.949.242/0001-00,XP OPUS I FIDC DO SETOR DO ENTRETENIMENTO DE RESPONSABILIDA LIMITADA,2023-10-31,Subclasse Subordinada  |,24,
35.949.242/0001-00,XP OPUS I FIDC DO SETOR DO ENTRETENIMENTO DE RESPONSABILIDA LIMITADA,2023-10-31,Subclasse Subordinada  |,0,
35.949.828/0001-75,ROCKET II PRECATÓRIOS FUNDO DE INVESTIMENTO EM DIREITOS CREDITÓRIOS NÃO-PADRONIZADOS,2023-10-31,Subclasse Senior,0,
35.949.828/0001-75,ROCKET II PRECATÓRIOS FUNDO DE INVESTIMENTO EM DIREITOS CREDITÓRIOS NÃO-PADRONIZADOS,2023-10-31,Subclasse Senior,0,
35.949.828/0001-75,ROCKET II PRECATÓRIOS FUNDO DE INVESTIMENTO EM DIREITOS CREDITÓRIOS NÃO-PADRONIZADOS,2023-10-31,Subclasse Subordinada  |,3,
35.949.828/0001-75,ROCKET II PRECATÓRIOS FUNDO DE INVESTIMENTO EM DIREITOS CREDITÓRIOS NÃO-PADRONIZADOS,2023-10-31,Subclasse Subordinada  |,0,
36.115.099/0001-14,VERTICAL BANK FUNDO DE INVESTIMENTO EM DIREITOS CREDITÓRIOS,2023-10-31,Subclasse Subordinada  |,5,
36.115.099/0001-14,VERTICAL BANK FUNDO DE INVESTIMENTO EM DIREITOS CREDITÓRIOS,2023-10-31,Subclasse Subordinada  |,1,
36.115.099/0001-14,VERTICAL BANK FUNDO DE INVESTIMENTO EM DIREITOS CREDITÓRIOS,2023-10-31,Subclasse Subordinada  |,1,
36.115.099/0001-14,VERTICAL BANK FUNDO DE INVESTIMENTO EM DIREITOS CREDITÓRIOS,2023-10-31,Subclasse Subordinada  |,1,
36.335.649/0001-00,FUNDO DE  INVESTIMENTO EM DIREITOS CREDITÓRIOS-NÃO PADRONIZADOS SPECIAL SITUATIONS,2023-10-31,Subclasse Senior,0,
36.335.649/0001-00,FUNDO DE  INVESTIMENTO EM DIREITOS CREDITÓRIOS-NÃO PADRONIZADOS SPECIAL SITUATIONS,2023-10-31,Subclasse Senior,0,
36.335.649/0001-00,FUNDO DE  INVESTIMENTO EM DIREITOS CREDITÓRIOS-NÃO PADRONIZADOS SPECIAL SITUATIONS,2023-10-31,Subclasse Subordinada  |,1,
36.335.649/0001-00,FUNDO DE  INVESTIMENTO EM DIREITOS CREDITÓRIOS-NÃO PADRONIZADOS SPECIAL SITUATIONS,2023-10-31,Subclasse Subordinada  |,0,
36.335.689/0001-52,FUNDO DE  INVESTIMENTO EM DIREITOS CREDITÓRIOS-NÃO PADRONIZADOS SETOR PÚBLICO,2023-10-31,Subclasse Senior,0,
36.335.689/0001-52,FUNDO DE  INVESTIMENTO EM DIREITOS CREDITÓRIOS-NÃO PADRONIZADOS SETOR PÚBLICO,2023-10-31,Subclasse Senior,0,
36.335.689/0001-52,FUNDO DE  INVESTIMENTO EM DIREITOS CREDITÓRIOS-NÃO PADRONIZADOS SETOR PÚBLICO,2023-10-31,Subclasse Subordinada  |,1,
36.335.689/0001-52,FUNDO DE  INVESTIMENTO EM DIREITOS CREDITÓRIOS-NÃO PADRONIZADOS SETOR PÚBLICO,2023-10-31,Subclasse Subordinada  |,0,
36.669.346/0001-24,FUNDO DE  INVESTIMENTO EM DIREITOS CREDITÓRIOS-NÃO PADRONIZADOS INSOLVÊNCIA,2023-10-31,Subclasse Senior,0,
36.669.346/0001-24,FUNDO DE  INVESTIMENTO EM DIREITOS CREDITÓRIOS-NÃO PADRONIZADOS INSOLVÊNCIA,2023-10-31,Subclasse Senior,0,
36.669.346/0001-24,FUNDO DE  INVESTIMENTO EM DIREITOS CREDITÓRIOS-NÃO PADRONIZADOS INSOLVÊNCIA,2023-10-31,Subclasse Subordinada  |,1,
36.669.346/0001-24,FUNDO DE  INVESTIMENTO EM DIREITOS CREDITÓRIOS-NÃO PADRONIZADOS INSOLVÊNCIA,2023-10-31,Subclasse Subordinada  |,0,
37.351.013/0001-15,CS FUNDO DE INVESTIMENTO EM DIREITOS CREDITORIOS,2023-10-31,Subclasse Senior,2,
37.351.013/0001-15,CS FUNDO DE INVESTIMENTO EM DIREITOS CREDITORIOS,2023-10-31,Subclasse Senior,1,
37.351.013/0001-15,CS FUNDO DE INVESTIMENTO EM DIREITOS CREDITORIOS,2023-10-31,Subclasse Senior,1,
37.436.930/0001-00,ROCKET PRECATÓRIOS FUNDO DE INVESTIMENTO EM DIREITOS CREDITÓRIOS NÃO-PADRONIZADOS,2023-10-31,Subclasse Senior,0,
37.436.930/0001-00,ROCKET PRECATÓRIOS FUNDO DE INVESTIMENTO EM DIREITOS CREDITÓRIOS NÃO-PADRONIZADOS,2023-10-31,Subclasse Senior,0,
37.436.930/0001-00,ROCKET PRECATÓRIOS FUNDO DE INVESTIMENTO EM DIREITOS CREDITÓRIOS NÃO-PADRONIZADOS,2023-10-31,Subclasse Subordinada  |,8,
37.436.930/0001-00,ROCKET PRECATÓRIOS FUNDO DE INVESTIMENTO EM DIREITOS CREDITÓRIOS NÃO-PADRONIZADOS,2023-10-31,Subclasse Subordinada  |,0,
37.539.812/0001-10,FOCO FUNDO DE INVESTIMENTO EM DIREITOS CREDITÓRIOS NÃO PADRONIZADOS,2023-10-31,Subclasse Senior,0,
37.539.812/0001-10,FOCO FUNDO DE INVESTIMENTO EM DIREITOS CREDITÓRIOS NÃO PADRONIZADOS,2023-10-31,Subclasse Senior,0,
37.539.812/0001-10,FOCO FUNDO DE INVESTIMENTO EM DIREITOS CREDITÓRIOS NÃO PADRONIZADOS,2023-10-31,Subclasse Subordinada  |,1,
37.539.812/0001-10,FOCO FUNDO DE INVESTIMENTO EM DIREITOS CREDITÓRIOS NÃO PADRONIZADOS,2023-10-31,Subclasse Subordinada  |,0,
37.564.538/0001-39,FUNDO DE INVESTIMENTO EM DIREITOS CREDITÓRIOS NÃO-PADRONIZADOS CLAIMS,2023-10-31,Subclasse Senior,0,
37.564.538/0001-39,FUNDO DE INVESTIMENTO EM DIREITOS CREDITÓRIOS NÃO-PADRONIZADOS CLAIMS,2023-10-31,Subclasse Senior,0,
37.564.538/0001-39,FUNDO DE INVESTIMENTO EM DIREITOS CREDITÓRIOS NÃO-PADRONIZADOS CLAIMS,2023-10-31,Subclasse Subordinada  |,2,
37.564.538/0001-39,FUNDO DE INVESTIMENTO EM DIREITOS CREDITÓRIOS NÃO-PADRONIZADOS CLAIMS,2023-10-31,Subclasse Subordinada  |,0,
37.606.580/0001-75,OPENCO FUNDO DE INVESTIMENTO EM DIREITOS CREDITORIOS,2023-10-31,Subclasse Subordinada  |,1,
37.606.580/0001-75,OPENCO FUNDO DE INVESTIMENTO EM DIREITOS CREDITORIOS,2023-10-31,Subclasse Subordinada  |,23,
38.612.809/0001-47,GETNET FUNDO DE INVESTIMENTO EM DIREITOS CREDITÓRIOS,2023-10-31,Subclasse Senior,0,
38.612.809/0001-47,GETNET FUNDO DE INVESTIMENTO EM DIREITOS CREDITÓRIOS,2023-10-31,Subclasse Senior,0,
38.612.809/0001-47,GETNET FUNDO DE INVESTIMENTO EM DIREITOS CREDITÓRIOS,2023-10-31,Subclasse Subordinada  |,1,
38.612.809/0001-47,GETNET FUNDO DE INVESTIMENTO EM DIREITOS CREDITÓRIOS,2023-10-31,Subclasse Subordinada  |,0,
39.616.091/0001-20,TECNOMYL FUNDO DE INVESTIMENTO EM DIREITOS CREDITÓRIOS,2023-10-31,Subclasse Subordinada  |,7,
39.616.091/0001-20,TECNOMYL FUNDO DE INVESTIMENTO EM DIREITOS CREDITÓRIOS,2023-10-31,Subclasse Subordinada  |,4,
39.669.950/0001-49,OCEANO BANK FUNDO DE INVESTIMENTO EM DIREITOS CREDITORIOS,2023-10-31,Subclasse Senior 0,0,
39.669.950/0001-49,OCEANO BANK FUNDO DE INVESTIMENTO EM DIREITOS CREDITORIOS,2023-10-31,Subclasse Senior 0,0,
39.669.950/0001-49,OCEANO BANK FUNDO DE INVESTIMENTO EM DIREITOS CREDITORIOS,2023-10-31,Subclasse Subordinada 0 | 0,0,
39.669.950/0001-49,OCEANO BANK FUNDO DE INVESTIMENTO EM DIREITOS CREDITORIOS,2023-10-31,Subclasse Subordinada 0 | 0,0,
39.669.950/0001-49,OCEANO BANK FUNDO DE INVESTIMENTO EM DIREITOS CREDITORIOS,2023-10-31,Subclasse Subordinada 0 | 0,0,
39.863.047/0001-14,FIC DE FUNDOS DE INVESTIMENTO EM DIREITOS CREDITÓRIOS NÃO PADRONIZADOS DO SETOR ELÉTRICO,2023-10-31,Subclasse Senior,0,
39.863.047/0001-14,FIC DE FUNDOS DE INVESTIMENTO EM DIREITOS CREDITÓRIOS NÃO PADRONIZADOS DO SETOR ELÉTRICO,2023-10-31,Subclasse Senior,0,
39.863.047/0001-14,FIC DE FUNDOS DE INVESTIMENTO EM DIREITOS CREDITÓRIOS NÃO PADRONIZADOS DO SETOR ELÉTRICO,2023-10-31,Subclasse Subordinada  |,2,
39.863.047/0001-14,FIC DE FUNDOS DE INVESTIMENTO EM DIREITOS CREDITÓRIOS NÃO PADRONIZADOS DO SETOR ELÉTRICO,2023-10-31,Subclasse Subordinada  |,0,
40.211.675/0001-02,G VALUE FUNDO DE INVESTIMENTO EM DIREITOS CREDITÓRIOS NÃO PADRONIZADO,2023-10-31,Subclasse Senior 0,0,
40.211.675/0001-02,G VALUE FUNDO DE INVESTIMENTO EM DIREITOS CREDITÓRIOS NÃO PADRONIZADO,2023-10-31,Subclasse Senior 0,0,
40.677.194/0001-89,FUNDO DE INVESTIMENTO EM DIREITOS CREDITÓRIOS CREDITAS AUTO VIII,2023-10-31,Subclasse Senior,2024,
40.677.194/0001-89,FUNDO DE INVESTIMENTO EM DIREITOS CREDITÓRIOS CREDITAS AUTO VIII,2023-10-31,Subclasse Senior,569,
40.677.194/0001-89,FUNDO DE INVESTIMENTO EM DIREITOS CREDITÓRIOS CREDITAS AUTO VIII,2023-10-31,Subclasse Subordinada  |,1,
40.677.194/0001-89,FUNDO DE INVESTIMENTO EM DIREITOS CREDITÓRIOS CREDITAS AUTO VIII,2023-10-31,Subclasse Subordinada  |,21,
40.730.321/0001-66,DEMAND FUNDO DE INVESTIMENTO EM DIREITOS CREDITORIOS,2023-10-31,Subclasse Senior,1,
40.730.321/0001-66,DEMAND FUNDO DE INVESTIMENTO EM DIREITOS CREDITORIOS,2023-10-31,Subclasse Senior,1,
40.794.358/0001-58,AUTO LOANS FUNDO DE INVESTIMENTO EM DIREITOS CREDITÓRIOS,2023-10-31,Subclasse Subordinada  |,6,
40.794.358/0001-58,AUTO LOANS FUNDO DE INVESTIMENTO EM DIREITOS CREDITÓRIOS,2023-10-31,Subclasse Subordinada  |,4,
41.755.849/0001-52,BLT FUNDO DE INVESTIMENTO EM DIREITOS CREDITÓRIOS RESPONSABILIDADE LIMITADA,2023-10-31,Subclasse Senior 0,0,
41.755.849/0001-52,BLT FUNDO DE INVESTIMENTO EM DIREITOS CREDITÓRIOS RESPONSABILIDADE LIMITADA,2023-10-31,Subclasse Senior 0,0,
41.755.849/0001-52,BLT FUNDO DE INVESTIMENTO EM DIREITOS CREDITÓRIOS RESPONSABILIDADE LIMITADA,2023-10-31,Subclasse Subordinada 0 | 0,0,
41.755.849/0001-52,BLT FUNDO DE INVESTIMENTO EM DIREITOS CREDITÓRIOS RESPONSABILIDADE LIMITADA,2023-10-31,Subclasse Subordinada 0 | 0,0,
41.755.849/0001-52,BLT FUNDO DE INVESTIMENTO EM DIREITOS CREDITÓRIOS RESPONSABILIDADE LIMITADA,2023-10-31,Subclasse Subordinada 0 | 0,0,
41.755.875/0001-80,BTZ FUNDO DE INVESTIMENTO EM DIREITOS CREDITÓRIOS RESPONSABILIDADE LIMITADA,2023-10-31,Subclasse Senior 0,0,
41.755.875/0001-80,BTZ FUNDO DE INVESTIMENTO EM DIREITOS CREDITÓRIOS RESPONSABILIDADE LIMITADA,2023-10-31,Subclasse Senior 0,0,
41.755.875/0001-80,BTZ FUNDO DE INVESTIMENTO EM DIREITOS CREDITÓRIOS RESPONSABILIDADE LIMITADA,2023-10-31,Subclasse Subordinada 0 | 0,0,
41.755.875/0001-80,BTZ FUNDO DE INVESTIMENTO EM DIREITOS CREDITÓRIOS RESPONSABILIDADE LIMITADA,2023-10-31,Subclasse Subordinada 0 | 0,0,
41.755.875/0001-80,BTZ FUNDO DE INVESTIMENTO EM DIREITOS CREDITÓRIOS RESPONSABILIDADE LIMITADA,2023-10-31,Subclasse Subordinada 0 | 0,0,
41.820.144/0001-71,TRINDADE FUNDO DE INVESTIMENTO MULTIMERCADO,2023-10-31,Subclasse Senior,0,
41.820.144/0001-71,TRINDADE FUNDO DE INVESTIMENTO MULTIMERCADO,2023-10-31,Subclasse Senior,0,
41.820.144/0001-71,TRINDADE FUNDO DE INVESTIMENTO MULTIMERCADO,2023-10-31,Subclasse Subordinada  |,3,
41.820.144/0001-71,TRINDADE FUNDO DE INVESTIMENTO MULTIMERCADO,2023-10-31,Subclasse Subordinada  |,0,
42.154.687/0001-60,MULTIPLIKE PLUS FUNDO DE INVESTIMENTO EM DIREITOS CREDITÓRIOS,2023-10-31,Subclasse Senior Serie 1,0,
42.154.687/0001-60,MULTIPLIKE PLUS FUNDO DE INVESTIMENTO EM DIREITOS CREDITÓRIOS,2023-10-31,Subclasse Senior Serie 1,0,
42.518.335/0001-46,AFA HIGH YIELD CREDIT OPPORTUNITY FUNDO DE INVESTIMENTO EM DIREITOS CREDITORIOS,2023-10-31,Subclasse Subordinada 0 | 0,0,
42.518.335/0001-46,AFA HIGH YIELD CREDIT OPPORTUNITY FUNDO DE INVESTIMENTO EM DIREITOS CREDITORIOS,2023-10-31,Subclasse Subordinada 0 | 0,0,
42.700.460/0001-72,XP SS 2 FUNDO DE INVESTIMENTO EM COTAS DE FUNDOS DE INVESTIMENTO EM DIREITOS CREDITÓRIOS NP,2023-10-31,Subclasse Senior,0,
42.700.460/0001-72,XP SS 2 FUNDO DE INVESTIMENTO EM COTAS DE FUNDOS DE INVESTIMENTO EM DIREITOS CREDITÓRIOS NP,2023-10-31,Subclasse Senior,0,
42.700.460/0001-72,XP SS 2 FUNDO DE INVESTIMENTO EM COTAS DE FUNDOS DE INVESTIMENTO EM DIREITOS CREDITÓRIOS NP,2023-10-31,Subclasse Subordinada  |,11,
42.700.460/0001-72,XP SS 2 FUNDO DE INVESTIMENTO EM COTAS DE FUNDOS DE INVESTIMENTO EM DIREITOS CREDITÓRIOS NP,2023-10-31,Subclasse Subordinada  |,0,
42.700.507/0001-06,XP SS 1 FUNDO DE INVESTIMENTO EM COTAS DE FUNDOS DE INVESTIMENTO EM DIREITOS CREDITÓRIOS NP,2023-10-31,Subclasse Senior,0,
42.700.507/0001-06,XP SS 1 FUNDO DE INVESTIMENTO EM COTAS DE FUNDOS DE INVESTIMENTO EM DIREITOS CREDITÓRIOS NP,2023-10-31,Subclasse Senior,0,
42.700.507/0001-06,XP SS 1 FUNDO DE INVESTIMENTO EM COTAS DE FUNDOS DE INVESTIMENTO EM DIREITOS CREDITÓRIOS NP,2023-10-31,Subclasse Subordinada  |,60,
42.700.507/0001-06,XP SS 1 FUNDO DE INVESTIMENTO EM COTAS DE FUNDOS DE INVESTIMENTO EM DIREITOS CREDITÓRIOS NP,2023-10-31,Subclasse Subordinada  |,0,
42.866.998/0001-51,PRECAVIDA FUNDO DE INVESTIMENTO EM DIREITOS CREDITÓRIOS,2023-10-31,Subclasse Senior 0,0,
42.866.998/0001-51,PRECAVIDA FUNDO DE INVESTIMENTO EM DIREITOS CREDITÓRIOS,2023-10-31,Subclasse Senior 0,0,
42.922.157/0001-14,RCL3X FIAGRO - DIREITOS CREDITÓRIOS RESPONSABILIDADE LIMITADA,2023-10-31,Subclasse Senior 1,1,
42.922.157/0001-14,RCL3X FIAGRO - DIREITOS CREDITÓRIOS RESPONSABILIDADE LIMITADA,2023-10-31,Subclasse Senior 1,1,
43.391.632/0001-36,FUNDO DE INVESTIMENTO EM DIREITOS CREDITÓRIOS EM CLASSES DE COTAS  BIZCAPITAL I RESP LIMITADA,2023-10-31,Subclasse Senior,0,
43.391.632/0001-36,FUNDO DE INVESTIMENTO EM DIREITOS CREDITÓRIOS EM CLASSES DE COTAS  BIZCAPITAL I RESP LIMITADA,2023-10-31,Subclasse Senior,0,
44.178.497/0001-08,XP CREDIT SELECTION FUNDO DE INVESTIMENTO EM COTAS DE FUNDOS DE INVESTIMENTO EM DIREITOS CREDITÓRIOS,2023-10-31,Subclasse Senior,0,
44.178.497/0001-08,XP CREDIT SELECTION FUNDO DE INVESTIMENTO EM COTAS DE FUNDOS DE INVESTIMENTO EM DIREITOS CREDITÓRIOS,2023-10-31,Subclasse Senior,0,
44.178.497/0001-08,XP CREDIT SELECTION FUNDO DE INVESTIMENTO EM COTAS DE FUNDOS DE INVESTIMENTO EM DIREITOS CREDITÓRIOS,2023-10-31,Subclasse Subordinada  |,9,
44.178.497/0001-08,XP CREDIT SELECTION FUNDO DE INVESTIMENTO EM COTAS DE FUNDOS DE INVESTIMENTO EM DIREITOS CREDITÓRIOS,2023-10-31,Subclasse Subordinada  |,0,
45.188.001/0001-40,PERSA FUNDO DE INVESTIMENTO EM DIREITOS CREDITÓRIOS NÃO-PADRONIZADOS,2023-10-31,Subclasse Subordinada Cota Mezanino | Serie 1,0,
45.188.001/0001-40,PERSA FUNDO DE INVESTIMENTO EM DIREITOS CREDITÓRIOS NÃO-PADRONIZADOS,2023-10-31,Subclasse Subordinada Cota Mezanino | Serie 1,1,
46.268.360/0001-70,CEDAR OCTANTE FUNDO DE INVESTIMENTO EM DIREITOS CREDITÓRIOS,2023-10-31,Subclasse Subordinada  |,1,
46.268.360/0001-70,CEDAR OCTANTE FUNDO DE INVESTIMENTO EM DIREITOS CREDITÓRIOS,2023-10-31,Subclasse Subordinada  |,2,
47.984.217/0001-47,CSHG JUGIS I FUNDO DE INVESTIMENTO EM COTAS DE FUNDOS DE INVESTIMENTOS EM DIREITOS CREDITÓRIOS,2023-10-31,Subclasse Senior,63,
47.984.217/0001-47,CSHG JUGIS I FUNDO DE INVESTIMENTO EM COTAS DE FUNDOS DE INVESTIMENTOS EM DIREITOS CREDITÓRIOS,2023-10-31,Subclasse Senior,1,
48.053.945/0001-06,XP C1 FUNDO DE INVESTIMENTO EM DIREITOS CREDITÓRIOS NÃO-PADRONIZADOS,2023-10-31,Subclasse Senior,0,
48.053.945/0001-06,XP C1 FUNDO DE INVESTIMENTO EM DIREITOS CREDITÓRIOS NÃO-PADRONIZADOS,2023-10-31,Subclasse Senior,0,
48.053.945/0001-06,XP C1 FUNDO DE INVESTIMENTO EM DIREITOS CREDITÓRIOS NÃO-PADRONIZADOS,2023-10-31,Subclasse Subordinada  |,2,
48.053.945/0001-06,XP C1 FUNDO DE INVESTIMENTO EM DIREITOS CREDITÓRIOS NÃO-PADRONIZADOS,2023-10-31,Subclasse Subordinada  |,0,
50.309.743/0001-16,ARPEL CAPITAL FUNDO DE INVESTIMENTO EM DIREITOS CREDITORIOS,2023-10-31,Subclasse Senior 0,0,
50.309.743/0001-16,ARPEL CAPITAL FUNDO DE INVESTIMENTO EM DIREITOS CREDITORIOS,2023-10-31,Subclasse Senior 0,0,
50.309.743/0001-16,ARPEL CAPITAL FUNDO DE INVESTIMENTO EM DIREITOS CREDITORIOS,2023-10-31,Subclasse Subordinada 0 | 0,0,
50.309.743/0001-16,ARPEL CAPITAL FUNDO DE INVESTIMENTO EM DIREITOS CREDITORIOS,2023-10-31,Subclasse Subordinada 0 | 0,0,
50.309.743/0001-16,ARPEL CAPITAL FUNDO DE INVESTIMENTO EM DIREITOS CREDITORIOS,2023-10-31,Subclasse Subordinada 0 | 0,0,
08.654.210/0001-05,FUNDO DE INVESTIMENTO EM DIREITOS CREDITÓRIOS MULTISSETORIAL ONE7 LP,2023-11-30,Subclasse Subordinada Cota Mezanino | Serie 1,0,
08.654.210/0001-05,FUNDO DE INVESTIMENTO EM DIREITOS CREDITÓRIOS MULTISSETORIAL ONE7 LP,2023-11-30,Subclasse Subordinada Cota Mezanino | Serie 1,0,
12.803.721/0001-19,FUNDO DE INVESTIMENTO EM DIREITOS CREDITÓRIOS FRATTO,2023-11-30,Subclasse Senior 0,0,
12.803.721/0001-19,FUNDO DE INVESTIMENTO EM DIREITOS CREDITÓRIOS FRATTO,2023-11-30,Subclasse Senior 0,0,
12.803.721/0001-19,FUNDO DE INVESTIMENTO EM DIREITOS CREDITÓRIOS FRATTO,2023-11-30,Subclasse Subordinada 0 | 0,0,
12.803.721/0001-19,FUNDO DE INVESTIMENTO EM DIREITOS CREDITÓRIOS FRATTO,2023-11-30,Subclasse Subordinada 0 | 0,0,
12.803.721/0001-19,FUNDO DE INVESTIMENTO EM DIREITOS CREDITÓRIOS FRATTO,2023-11-30,Subclasse Subordinada 0 | 0,0,
19.388.423/0001-59,FUNDO DE INVESTIMENTO EM DIREITOS CREDITÓRIOS IOX I,2023-11-30,Subclasse Senior Serie Unica,0,
19.388.423/0001-59,FUNDO DE INVESTIMENTO EM DIREITOS CREDITÓRIOS IOX I,2023-11-30,Subclasse Senior Serie Unica,0,
21.053.898/0001-36,ARTCON FUNDO DE INVESTIMENTO EM DIREITOS  CREDITÓRIOS MULTISETORIAL RESPONSABILIDADE LIMITADA,2023-11-30,Subclasse Senior,0,
21.053.898/0001-36,ARTCON FUNDO DE INVESTIMENTO EM DIREITOS  CREDITÓRIOS MULTISETORIAL RESPONSABILIDADE LIMITADA,2023-11-30,Subclasse Senior,0,
21.053.898/0001-36,ARTCON FUNDO DE INVESTIMENTO EM DIREITOS  CREDITÓRIOS MULTISETORIAL RESPONSABILIDADE LIMITADA,2023-11-30,Subclasse Subordinada  |,1,
21.053.898/0001-36,ARTCON FUNDO DE INVESTIMENTO EM DIREITOS  CREDITÓRIOS MULTISETORIAL RESPONSABILIDADE LIMITADA,2023-11-30,Subclasse Subordinada  |,0,
21.053.898/0001-36,ARTCON FUNDO DE INVESTIMENTO EM DIREITOS  CREDITÓRIOS MULTISETORIAL RESPONSABILIDADE LIMITADA,2023-11-30,Subclasse Subordinada  |,0,
22.003.571/0001-12,INVESTOR FUNDO DE INVESTIMENTO EM DIREITOS CREDITÓRIOS,2023-11-30,Subclasse Senior Serie Unica,0,
22.003.571/0001-12,INVESTOR FUNDO DE INVESTIMENTO EM DIREITOS CREDITÓRIOS,2023-11-30,Subclasse Senior Serie Unica,0,
23.521.077/0001-02,CONSIGA MAIS FUNDO DE INVESTIMENTO EM DIREITOS CREDITÓRIOS,2023-11-30,Subclasse Subordinada Cota Mezanino | Serie 2,0,
23.521.077/0001-02,CONSIGA MAIS FUNDO DE INVESTIMENTO EM DIREITOS CREDITÓRIOS,2023-11-30,Subclasse Subordinada Cota Mezanino | Serie 2,0,
23.521.077/0001-02,CONSIGA MAIS FUNDO DE INVESTIMENTO EM DIREITOS CREDITÓRIOS,2023-11-30,Subclasse Subordinada Cota Mezanino | Serie F,10,
23.521.077/0001-02,CONSIGA MAIS FUNDO DE INVESTIMENTO EM DIREITOS CREDITÓRIOS,2023-11-30,Subclasse Subordinada Cota Mezanino | Serie F,10,
23.957.002/0001-79,FUNDO DE INVESTIMENTO EM DIREITOS CREDITORIOS EMPIRICA RECARGA VIRTUAL,2023-11-30,Subclasse Senior Serie Unica,0,
23.957.002/0001-79,FUNDO DE INVESTIMENTO EM DIREITOS CREDITORIOS EMPIRICA RECARGA VIRTUAL,2023-11-30,Subclasse Senior Serie Unica,0,
24.852.946/0001-44,FUNDO DE INVESTIMENTO EM DIREITOS CREDITÓRIOS TG REAL,2023-11-30,Subclasse Subordinada  | 0,4,
24.852.946/0001-44,FUNDO DE INVESTIMENTO EM DIREITOS CREDITÓRIOS TG REAL,2023-11-30,Subclasse Subordinada  | 0,8,
25.162.160/0001-68,LEX FINANCIAL INVESTMENTS FIC FIDC,2023-11-30,Subclasse Senior,0,
25.162.160/0001-68,LEX FINANCIAL INVESTMENTS FIC FIDC,2023-11-30,Subclasse Senior,0,
25.162.160/0001-68,LEX FINANCIAL INVESTMENTS FIC FIDC,2023-11-30,Subclasse Subordinada  |,1,
25.162.160/0001-68,LEX FINANCIAL INVESTMENTS FIC FIDC,2023-11-30,Subclasse Subordinada  |,0,
26.690.344/0001-63,FATORI FUNDO DE INVESTIMENTO EM DIREITOS CREDITORIOS MULTISSETORIAL,2023-11-30,Subclasse Senior Serie Unica,0,
26.690.344/0001-63,FATORI FUNDO DE INVESTIMENTO EM DIREITOS CREDITORIOS MULTISSETORIAL,2023-11-30,Subclasse Senior Serie Unica,0,
27.643.856/0001-31,BLACK BELT FUNDO DE INVESTIMENTO EM DIREITOS CREDITÓRIOS RESPONSABILIDADE LIMITADA,2023-11-30,Subclasse Senior,0,
27.643.856/0001-31,BLACK BELT FUNDO DE INVESTIMENTO EM DIREITOS CREDITÓRIOS RESPONSABILIDADE LIMITADA,2023-11-30,Subclasse Senior,0,
27.643.856/0001-31,BLACK BELT FUNDO DE INVESTIMENTO EM DIREITOS CREDITÓRIOS RESPONSABILIDADE LIMITADA,2023-11-30,Subclasse Subordinada  |,1,
27.643.856/0001-31,BLACK BELT FUNDO DE INVESTIMENTO EM DIREITOS CREDITÓRIOS RESPONSABILIDADE LIMITADA,2023-11-30,Subclasse Subordinada  |,0,
28.169.275/0001-72,FUNDO DE INVESTIMENTO EM DIREITOS CREDITÓRIOS PAGSEGURO I,2023-11-30,Subclasse Senior,10,
28.169.275/0001-72,FUNDO DE INVESTIMENTO EM DIREITOS CREDITÓRIOS PAGSEGURO I,2023-11-30,Subclasse Senior,0,
28.169.275/0001-72,FUNDO DE INVESTIMENTO EM DIREITOS CREDITÓRIOS PAGSEGURO I,2023-11-30,Subclasse Subordinada  |,2,
28.169.275/0001-72,FUNDO DE INVESTIMENTO EM DIREITOS CREDITÓRIOS PAGSEGURO I,2023-11-30,Subclasse Subordinada  |,0,
28.169.275/0001-72,FUNDO DE INVESTIMENTO EM DIREITOS CREDITÓRIOS PAGSEGURO I,2023-11-30,Subclasse Subordinada  |,0,
29.152.737/0001-01,POUSO ALEGRE FIC FIDC MULTISSETORIAL - RESPONSABILIDADE LIMITADA,2023-11-30,Subclasse Senior Serie Unica,0,
29.152.737/0001-01,POUSO ALEGRE FIC FIDC MULTISSETORIAL - RESPONSABILIDADE LIMITADA,2023-11-30,Subclasse Senior Serie Unica,0,
29.292.189/0001-15,FUNDO DE INVESTIMENTO EM DIREITOS CREDITORIOS HENDRIKSEN,2023-11-30,Subclasse Senior 0,0,
29.292.189/0001-15,FUNDO DE INVESTIMENTO EM DIREITOS CREDITORIOS HENDRIKSEN,2023-11-30,Subclasse Senior 0,0,
29.292.189/0001-15,FUNDO DE INVESTIMENTO EM DIREITOS CREDITORIOS HENDRIKSEN,2023-11-30,Subclasse Subordinada 0 | 0,0,
29.292.189/0001-15,FUNDO DE INVESTIMENTO EM DIREITOS CREDITORIOS HENDRIKSEN,2023-11-30,Subclasse Subordinada 0 | 0,0,
29.292.189/0001-15,FUNDO DE INVESTIMENTO EM DIREITOS CREDITORIOS HENDRIKSEN,2023-11-30,Subclasse Subordinada 0 | 0,0,
31.368.812/0001-18,FUNDO DE INVESTIMENTO EM DIREITOS CREDITÓRIOS BIZCAPITAL EMPÍRICA PME RESPONSABILIDADE LIMITADA,2023-11-30,Subclasse Senior,0,
31.368.812/0001-18,FUNDO DE INVESTIMENTO EM DIREITOS CREDITÓRIOS BIZCAPITAL EMPÍRICA PME RESPONSABILIDADE LIMITADA,2023-11-30,Subclasse Senior,0,
34.395.364/0001-30,CIVITAS FUNDO DE INVESTIMENTO EM DIREITOS CREDITÓRIOS,2023-11-30,Subclasse Senior,0,
34.395.364/0001-30,CIVITAS FUNDO DE INVESTIMENTO EM DIREITOS CREDITÓRIOS,2023-11-30,Subclasse Senior,0,
34.508.357/0001-05,FUNDO DE INVESTIMENTO EM DIREITOS CREDITÓRIOS IRON CAPITAL - MEUCASHCARD,2023-11-30,Subclasse Subordinada  |,5,
34.508.357/0001-05,FUNDO DE INVESTIMENTO EM DIREITOS CREDITÓRIOS IRON CAPITAL - MEUCASHCARD,2023-11-30,Subclasse Subordinada  |,2,
35.654.823/0001-15,ADGM FUNDO DE INVESTIMENTO EM DIREITOS CREDITÓRIOS,2023-11-30,Subclasse Subordinada Cota Mezanino | Serie 0,0,
35.654.823/0001-15,ADGM FUNDO DE INVESTIMENTO EM DIREITOS CREDITÓRIOS,2023-11-30,Subclasse Subordinada Cota Mezanino | Serie 0,0,
35.688.101/0001-81,FUNDO DE INVESTIMENTO EM DIREITOS CREDITÓRIOS CLAIMS S1,2023-11-30,Subclasse Senior,0,
35.688.101/0001-81,FUNDO DE INVESTIMENTO EM DIREITOS CREDITÓRIOS CLAIMS S1,2023-11-30,Subclasse Senior,0,
35.817.262/0001-28,CRÉDITOS CCC - FUNDO DE INVESTIMENTO EM DIREITOS CREDITÓRIOS DE RESPONSABILIDADE LIMITADA,2023-11-30,Subclasse Senior,0,
35.817.262/0001-28,CRÉDITOS CCC - FUNDO DE INVESTIMENTO EM DIREITOS CREDITÓRIOS DE RESPONSABILIDADE LIMITADA,2023-11-30,Subclasse Senior,0,
35.844.801/0001-18,NF FUNDO DE INVESTIMENTO EM DIREITOS CREDITÓRIOS,2023-11-30,Subclasse Senior,1,
35.844.801/0001-18,NF FUNDO DE INVESTIMENTO EM DIREITOS CREDITÓRIOS,2023-11-30,Subclasse Senior,1,
36.115.099/0001-14,VERTICAL BANK FUNDO DE INVESTIMENTO EM DIREITOS CREDITÓRIOS,2023-11-30,Subclasse Subordinada  |,5,
36.115.099/0001-14,VERTICAL BANK FUNDO DE INVESTIMENTO EM DIREITOS CREDITÓRIOS,2023-11-30,Subclasse Subordinada  |,1,
36.115.099/0001-14,VERTICAL BANK FUNDO DE INVESTIMENTO EM DIREITOS CREDITÓRIOS,2023-11-30,Subclasse Subordinada  |,1,
36.115.099/0001-14,VERTICAL BANK FUNDO DE INVESTIMENTO EM DIREITOS CREDITÓRIOS,2023-11-30,Subclasse Subordinada  |,1,
37.351.013/0001-15,CS FUNDO DE INVESTIMENTO EM DIREITOS CREDITORIOS,2023-11-30,Subclasse Senior,2,
37.351.013/0001-15,CS FUNDO DE INVESTIMENTO EM DIREITOS CREDITORIOS,2023-11-30,Subclasse Senior,1,
37.351.013/0001-15,CS FUNDO DE INVESTIMENTO EM DIREITOS CREDITORIOS,2023-11-30,Subclasse Senior,1,
37.606.580/0001-75,OPENCO FUNDO DE INVESTIMENTO EM DIREITOS CREDITORIOS,2023-11-30,Subclasse Subordinada  |,1,
37.606.580/0001-75,OPENCO FUNDO DE INVESTIMENTO EM DIREITOS CREDITORIOS,2023-11-30,Subclasse Subordinada  |,23,
39.616.091/0001-20,TECNOMYL FUNDO DE INVESTIMENTO EM DIREITOS CREDITÓRIOS RESPONSABILIDADE LIMITADA,2023-11-30,Subclasse Subordinada  |,7,
39.616.091/0001-20,TECNOMYL FUNDO DE INVESTIMENTO EM DIREITOS CREDITÓRIOS RESPONSABILIDADE LIMITADA,2023-11-30,Subclasse Subordinada  |,4,
39.669.950/0001-49,FIDC OCEANO MULTIESTRATÉGIA CONSIGNADOS RESPONSABILIDADE LIMITADA,2023-11-30,Subclasse Senior 0,0,
39.669.950/0001-49,FIDC OCEANO MULTIESTRATÉGIA CONSIGNADOS RESPONSABILIDADE LIMITADA,2023-11-30,Subclasse Senior 0,0,
39.669.950/0001-49,FIDC OCEANO MULTIESTRATÉGIA CONSIGNADOS RESPONSABILIDADE LIMITADA,2023-11-30,Subclasse Subordinada 0 | 0,0,
39.669.950/0001-49,FIDC OCEANO MULTIESTRATÉGIA CONSIGNADOS RESPONSABILIDADE LIMITADA,2023-11-30,Subclasse Subordinada 0 | 0,0,
39.669.950/0001-49,FIDC OCEANO MULTIESTRATÉGIA CONSIGNADOS RESPONSABILIDADE LIMITADA,2023-11-30,Subclasse Subordinada 0 | 0,0,
39.863.047/0001-14,FIC DE FUNDOS DE INVESTIMENTO EM DIREITOS CREDITÓRIOS NÃO PADRONIZADOS DO SETOR ELÉTRICO,2023-11-30,Subclasse Senior,0,
39.863.047/0001-14,FIC DE FUNDOS DE INVESTIMENTO EM DIREITOS CREDITÓRIOS NÃO PADRONIZADOS DO SETOR ELÉTRICO,2023-11-30,Subclasse Senior,0,
39.863.047/0001-14,FIC DE FUNDOS DE INVESTIMENTO EM DIREITOS CREDITÓRIOS NÃO PADRONIZADOS DO SETOR ELÉTRICO,2023-11-30,Subclasse Subordinada  |,2,
39.863.047/0001-14,FIC DE FUNDOS DE INVESTIMENTO EM DIREITOS CREDITÓRIOS NÃO PADRONIZADOS DO SETOR ELÉTRICO,2023-11-30,Subclasse Subordinada  |,0,
40.211.675/0001-02,G VALUE FUNDO DE INVESTIMENTO EM DIREITOS CREDITÓRIOS NÃO PADRONIZADO,2023-11-30,Subclasse Senior 0,0,
40.211.675/0001-02,G VALUE FUNDO DE INVESTIMENTO EM DIREITOS CREDITÓRIOS NÃO PADRONIZADO,2023-11-30,Subclasse Senior 0,0,
40.676.621/0001-04,GHIA RECEBÍVEIS I FUNDO DE INVESTIMENTO EM DIREITOS CREDITÓRIOS,2023-11-30,Subclasse Subordinada  |,1,
40.676.621/0001-04,GHIA RECEBÍVEIS I FUNDO DE INVESTIMENTO EM DIREITOS CREDITÓRIOS,2023-11-30,Subclasse Subordinada  |,2,
40.794.358/0001-58,AUTO LOANS FUNDO DE INVESTIMENTO EM DIREITOS CREDITÓRIOS RESPONSABILIDADE LIMITADA,2023-11-30,Subclasse Subordinada  |,6,
40.794.358/0001-58,AUTO LOANS FUNDO DE INVESTIMENTO EM DIREITOS CREDITÓRIOS RESPONSABILIDADE LIMITADA,2023-11-30,Subclasse Subordinada  |,4,
41.287.621/0001-85,TRIPOLI NPL FUNDO DE INVESTIMENTO EM DIREITOS CREDITÓRIOS,2023-11-30,Subclasse Subordinada  |,4,
41.287.621/0001-85,TRIPOLI NPL FUNDO DE INVESTIMENTO EM DIREITOS CREDITÓRIOS,2023-11-30,Subclasse Subordinada  |,5,
41.755.849/0001-52,BLT FUNDO DE INVESTIMENTO EM DIREITOS CREDITÓRIOS RESPONSABILIDADE LIMITADA,2023-11-30,Subclasse Senior 0,0,
41.755.849/0001-52,BLT FUNDO DE INVESTIMENTO EM DIREITOS CREDITÓRIOS RESPONSABILIDADE LIMITADA,2023-11-30,Subclasse Senior 0,0,
41.755.849/0001-52,BLT FUNDO DE INVESTIMENTO EM DIREITOS CREDITÓRIOS RESPONSABILIDADE LIMITADA,2023-11-30,Subclasse Subordinada 0 | 0,0,
41.755.849/0001-52,BLT FUNDO DE INVESTIMENTO EM DIREITOS CREDITÓRIOS RESPONSABILIDADE LIMITADA,2023-11-30,Subclasse Subordinada 0 | 0,0,
41.755.849/0001-52,BLT FUNDO DE INVESTIMENTO EM DIREITOS CREDITÓRIOS RESPONSABILIDADE LIMITADA,2023-11-30,Subclasse Subordinada 0 | 0,0,
41.755.875/0001-80,BTZ FUNDO DE INVESTIMENTO EM DIREITOS CREDITÓRIOS RESPONSABILIDADE LIMITADA,2023-11-30,Subclasse Senior 0,0,
41.755.875/0001-80,BTZ FUNDO DE INVESTIMENTO EM DIREITOS CREDITÓRIOS RESPONSABILIDADE LIMITADA,2023-11-30,Subclasse Senior 0,0,
41.755.875/0001-80,BTZ FUNDO DE INVESTIMENTO EM DIREITOS CREDITÓRIOS RESPONSABILIDADE LIMITADA,2023-11-30,Subclasse Subordinada 0 | 0,0,
41.755.875/0001-80,BTZ FUNDO DE INVESTIMENTO EM DIREITOS CREDITÓRIOS RESPONSABILIDADE LIMITADA,2023-11-30,Subclasse Subordinada 0 | 0,0,
41.755.875/0001-80,BTZ FUNDO DE INVESTIMENTO EM DIREITOS CREDITÓRIOS RESPONSABILIDADE LIMITADA,2023-11-30,Subclasse Subordinada 0 | 0,0,
41.778.453/0001-20,FUNDO DE INVESTIMENTO EM DIREITOS CREDITÓRIOS DE RESPONSABILIDADE LIMITADA INCLUSÃO FINANCEIRA,2023-11-30,Subclasse Subordinada  |,1,
41.778.453/0001-20,FUNDO DE INVESTIMENTO EM DIREITOS CREDITÓRIOS DE RESPONSABILIDADE LIMITADA INCLUSÃO FINANCEIRA,2023-11-30,Subclasse Subordinada  |,10,
41.778.453/0001-20,FUNDO DE INVESTIMENTO EM DIREITOS CREDITÓRIOS DE RESPONSABILIDADE LIMITADA INCLUSÃO FINANCEIRA,2023-11-30,Subclasse Subordinada  |,13,
42.133.756/0001-59,NAGRO GHIA FUNDO DE INVESTIMENTO NAS CADEIAS PRODUTIVAS AGROINDUSTRIAIS - DIREITOS CREDITÓRIOS,2023-11-30,Subclasse Senior,20,
42.133.756/0001-59,NAGRO GHIA FUNDO DE INVESTIMENTO NAS CADEIAS PRODUTIVAS AGROINDUSTRIAIS - DIREITOS CREDITÓRIOS,2023-11-30,Subclasse Senior,43,
42.133.756/0001-59,NAGRO GHIA FUNDO DE INVESTIMENTO NAS CADEIAS PRODUTIVAS AGROINDUSTRIAIS - DIREITOS CREDITÓRIOS,2023-11-30,Subclasse Senior,2,
42.133.756/0001-59,NAGRO GHIA FUNDO DE INVESTIMENTO NAS CADEIAS PRODUTIVAS AGROINDUSTRIAIS - DIREITOS CREDITÓRIOS,2023-11-30,Subclasse Subordinada  |,21,
42.133.756/0001-59,NAGRO GHIA FUNDO DE INVESTIMENTO NAS CADEIAS PRODUTIVAS AGROINDUSTRIAIS - DIREITOS CREDITÓRIOS,2023-11-30,Subclasse Subordinada  |,6,
42.133.756/0001-59,NAGRO GHIA FUNDO DE INVESTIMENTO NAS CADEIAS PRODUTIVAS AGROINDUSTRIAIS - DIREITOS CREDITÓRIOS,2023-11-30,Subclasse Subordinada  |,30,
42.133.756/0001-59,NAGRO GHIA FUNDO DE INVESTIMENTO NAS CADEIAS PRODUTIVAS AGROINDUSTRIAIS - DIREITOS CREDITÓRIOS,2023-11-30,Subclasse Subordinada  |,1,
42.154.687/0001-60,MULTIPLIKE PLUS FUNDO DE INVESTIMENTO EM DIREITOS CREDITÓRIOS,2023-11-30,Subclasse Senior Serie 1,0,
42.154.687/0001-60,MULTIPLIKE PLUS FUNDO DE INVESTIMENTO EM DIREITOS CREDITÓRIOS,2023-11-30,Subclasse Senior Serie 1,0,
42.404.659/0001-53,ARCESP CONSIGNADO FUNDO DE INVESTIMENTO EM DIREITOS CREDITÓRIOS,2023-11-30,Subclasse Subordinada  |,1,
42.404.659/0001-53,ARCESP CONSIGNADO FUNDO DE INVESTIMENTO EM DIREITOS CREDITÓRIOS,2023-11-30,Subclasse Subordinada  |,3,
42.518.335/0001-46,AFA HIGH YIELD CREDIT OPPORTUNITY FUNDO DE INVESTIMENTO EM DIREITOS CREDITORIOS,2023-11-30,Subclasse Subordinada 0 | 0,0,
42.518.335/0001-46,AFA HIGH YIELD CREDIT OPPORTUNITY FUNDO DE INVESTIMENTO EM DIREITOS CREDITORIOS,2023-11-30,Subclasse Subordinada 0 | 0,0,
42.700.507/0001-06,XP SS 1 FUNDO DE INVESTIMENTO EM COTAS DE FUNDOS DE INVESTIMENTO EM DIREITOS CREDITÓRIOS,2023-11-30,Subclasse Senior,0,
42.700.507/0001-06,XP SS 1 FUNDO DE INVESTIMENTO EM COTAS DE FUNDOS DE INVESTIMENTO EM DIREITOS CREDITÓRIOS,2023-11-30,Subclasse Senior,0,
42.700.507/0001-06,XP SS 1 FUNDO DE INVESTIMENTO EM COTAS DE FUNDOS DE INVESTIMENTO EM DIREITOS CREDITÓRIOS,2023-11-30,Subclasse Subordinada  |,60,
42.700.507/0001-06,XP SS 1 FUNDO DE INVESTIMENTO EM COTAS DE FUNDOS DE INVESTIMENTO EM DIREITOS CREDITÓRIOS,2023-11-30,Subclasse Subordinada  |,0,
42.866.998/0001-51,PRECAVIDA FUNDO DE INVESTIMENTO EM DIREITOS CREDITÓRIOS,2023-11-30,Subclasse Senior 0,0,
42.866.998/0001-51,PRECAVIDA FUNDO DE INVESTIMENTO EM DIREITOS CREDITÓRIOS,2023-11-30,Subclasse Senior 0,0,
42.866.998/0001-51,PRECAVIDA FUNDO DE INVESTIMENTO EM DIREITOS CREDITÓRIOS,2023-11-30,Subclasse Senior 0,0,
43.391.632/0001-36,FUNDO DE INVESTIMENTO EM DIREITOS CREDITÓRIOS EM CLASSES DE COTAS  BIZCAPITAL I RESP LIMITADA,2023-11-30,Subclasse Senior,0,
43.391.632/0001-36,FUNDO DE INVESTIMENTO EM DIREITOS CREDITÓRIOS EM CLASSES DE COTAS  BIZCAPITAL I RESP LIMITADA,2023-11-30,Subclasse Senior,0,
43.866.327/0001-53,FG NOW FUNDO DE INVESTIMENTO EM DIREITOS CREDITÓRIOS,2023-11-30,Subclasse Subordinada  |,1,
43.866.327/0001-53,FG NOW FUNDO DE INVESTIMENTO EM DIREITOS CREDITÓRIOS,2023-11-30,Subclasse Subordinada  |,3,
43.866.348/0001-79,FUNDO DE INVESTIMENTO EM DIREITOS CREDITÓRIOS OPEA AGRO SUMITOMO CHEMICAL RESP LIMITADA,2023-11-30,Subclasse Subordinada  |,1,
43.866.348/0001-79,FUNDO DE INVESTIMENTO EM DIREITOS CREDITÓRIOS OPEA AGRO SUMITOMO CHEMICAL RESP LIMITADA,2023-11-30,Subclasse Subordinada  |,27,
43.866.371/0001-63,PLUGIFY TECH I FUNDO DE INVESTIMENTO EM DIREITOS CREDITÓRIOS,2023-11-30,Subclasse Subordinada  |,11,
43.866.371/0001-63,PLUGIFY TECH I FUNDO DE INVESTIMENTO EM DIREITOS CREDITÓRIOS,2023-11-30,Subclasse Subordinada  |,23,
44.272.584/0001-20,LAVORO AGRO FUNDO DE INVESTIMENTO EM DIREITOS CREDITÓRIOS DAS CADEIAS PRODUTIVAS AGROINDUSTRIAIS,2023-11-30,Subclasse Subordinada  |,4,
44.272.584/0001-20,LAVORO AGRO FUNDO DE INVESTIMENTO EM DIREITOS CREDITÓRIOS DAS CADEIAS PRODUTIVAS AGROINDUSTRIAIS,2023-11-30,Subclasse Subordinada  |,7,
44.272.584/0001-20,LAVORO AGRO FUNDO DE INVESTIMENTO EM DIREITOS CREDITÓRIOS DAS CADEIAS PRODUTIVAS AGROINDUSTRIAIS,2023-11-30,Subclasse Subordinada  |,14,
44.302.001/0001-66,CULTTIVO OCTANTE CRÉDITO AGRÍCOLA FIAGRO - DIREITOS CREDITÓRIOS,2023-11-30,Subclasse Senior,104,
44.302.001/0001-66,CULTTIVO OCTANTE CRÉDITO AGRÍCOLA FIAGRO - DIREITOS CREDITÓRIOS,2023-11-30,Subclasse Senior,1,
44.302.001/0001-66,CULTTIVO OCTANTE CRÉDITO AGRÍCOLA FIAGRO - DIREITOS CREDITÓRIOS,2023-11-30,Subclasse Subordinada  |,2,
44.302.001/0001-66,CULTTIVO OCTANTE CRÉDITO AGRÍCOLA FIAGRO - DIREITOS CREDITÓRIOS,2023-11-30,Subclasse Subordinada  |,2,
44.302.001/0001-66,CULTTIVO OCTANTE CRÉDITO AGRÍCOLA FIAGRO - DIREITOS CREDITÓRIOS,2023-11-30,Subclasse Subordinada  |,9,
44.302.001/0001-66,CULTTIVO OCTANTE CRÉDITO AGRÍCOLA FIAGRO - DIREITOS CREDITÓRIOS,2023-11-30,Subclasse Subordinada  |,1,
44.302.112/0001-72,CLASSE ÚNICA FUNDO DE INVESTIMENTO EM DIREITOS CREDITÓRIOS AGRO CITI-BAYER RESPONSABILIDADE LIMITADA,2023-11-30,Subclasse Senior,0,
44.302.112/0001-72,CLASSE ÚNICA FUNDO DE INVESTIMENTO EM DIREITOS CREDITÓRIOS AGRO CITI-BAYER RESPONSABILIDADE LIMITADA,2023-11-30,Subclasse Senior,1,
44.302.112/0001-72,CLASSE ÚNICA FUNDO DE INVESTIMENTO EM DIREITOS CREDITÓRIOS AGRO CITI-BAYER RESPONSABILIDADE LIMITADA,2023-11-30,Subclasse Subordinada  |,1,
44.302.112/0001-72,CLASSE ÚNICA FUNDO DE INVESTIMENTO EM DIREITOS CREDITÓRIOS AGRO CITI-BAYER RESPONSABILIDADE LIMITADA,2023-11-30,Subclasse Subordinada  |,1,
45.188.001/0001-40,PERSA FUNDO DE INVESTIMENTO EM DIREITOS CREDITÓRIOS NÃO-PADRONIZADOS,2023-11-30,Subclasse Senior Serie 1,0,
45.188.001/0001-40,PERSA FUNDO DE INVESTIMENTO EM DIREITOS CREDITÓRIOS NÃO-PADRONIZADOS,2023-11-30,Subclasse Senior Serie 1,1,
45.188.001/0001-40,PERSA FUNDO DE INVESTIMENTO EM DIREITOS CREDITÓRIOS NÃO-PADRONIZADOS,2023-11-30,Subclasse Subordinada Cota Mezanino | Serie 1,0,
45.188.001/0001-40,PERSA FUNDO DE INVESTIMENTO EM DIREITOS CREDITÓRIOS NÃO-PADRONIZADOS,2023-11-30,Subclasse Subordinada Cota Mezanino | Serie 1,1,
45.207.034/0001-90,PRECATO II FUNDO DE INVESTIMENTO EM DIREITOS CREDITÓRIOS DE RESPONSABILIDADE LIMITADA,2023-11-30,Subclasse Subordinada  |,13,
45.207.034/0001-90,PRECATO II FUNDO DE INVESTIMENTO EM DIREITOS CREDITÓRIOS DE RESPONSABILIDADE LIMITADA,2023-11-30,Subclasse Subordinada  |,8,
46.711.630/0001-75,CHEMICAL XII - FUNDO DE INVESTIMENTO EM DIREITOS CREDITÓRIOS - INDÚSTRIA PETROQUÍMICA,2023-11-30,Subclasse Subordinada Cota Subordinada | S?rie I,1,
46.711.630/0001-75,CHEMICAL XII - FUNDO DE INVESTIMENTO EM DIREITOS CREDITÓRIOS - INDÚSTRIA PETROQUÍMICA,2023-11-30,Subclasse Subordinada Cota Subordinada | S?rie I,0,
46.711.630/0001-75,CHEMICAL XII - FUNDO DE INVESTIMENTO EM DIREITOS CREDITÓRIOS - INDÚSTRIA PETROQUÍMICA,2023-11-30,Subclasse Subordinada Cota Subordinada | S?rie I,0,
47.936.340/0001-92,FUNDO DE INVESTIMENTO EM DIREITOS CREDITÓRIOS OPEA AGRO INSUMOS,2023-11-30,Subclasse Subordinada  |,1,
47.936.340/0001-92,FUNDO DE INVESTIMENTO EM DIREITOS CREDITÓRIOS OPEA AGRO INSUMOS,2023-11-30,Subclasse Subordinada  |,1,
47.984.217/0001-47,CSHG JUGIS I FUNDO DE INVESTIMENTO EM COTAS DE FUNDOS DE INVESTIMENTOS EM DIREITOS CREDITÓRIOS,2023-11-30,Subclasse Senior,63,
47.984.217/0001-47,CSHG JUGIS I FUNDO DE INVESTIMENTO EM COTAS DE FUNDOS DE INVESTIMENTOS EM DIREITOS CREDITÓRIOS,2023-11-30,Subclasse Senior,1,
50.098.465/0001-03,CHEMICAL XIII - FUNDO DE INVESTIMENTO EM DIREITOS CREDITÓRIOS - INDÚSTRIA PETROQUÍMICA,2023-11-30,Subclasse Subordinada Cota Subordinada | S?rie I,1,
50.098.465/0001-03,CHEMICAL XIII - FUNDO DE INVESTIMENTO EM DIREITOS CREDITÓRIOS - INDÚSTRIA PETROQUÍMICA,2023-11-30,Subclasse Subordinada Cota Subordinada | S?rie I,0,
50.098.465/0001-03,CHEMICAL XIII - FUNDO DE INVESTIMENTO EM DIREITOS CREDITÓRIOS - INDÚSTRIA PETROQUÍMICA,2023-11-30,Subclasse Subordinada Cota Subordinada | S?rie I,0,
50.309.743/0001-16,ARPEL CAPITAL FUNDO DE INVESTIMENTO EM DIREITOS CREDITORIOS,2023-11-30,Subclasse Senior 0,0,
50.309.743/0001-16,ARPEL CAPITAL FUNDO DE INVESTIMENTO EM DIREITOS CREDITORIOS,2023-11-30,Subclasse Senior 0,0,
50.309.743/0001-16,ARPEL CAPITAL FUNDO DE INVESTIMENTO EM DIREITOS CREDITORIOS,2023-11-30,Subclasse Subordinada 0 | 0,0,
50.309.743/0001-16,ARPEL CAPITAL FUNDO DE INVESTIMENTO EM DIREITOS CREDITORIOS,2023-11-30,Subclasse Subordinada 0 | 0,0,
50.309.743/0001-16,ARPEL CAPITAL FUNDO DE INVESTIMENTO EM DIREITOS CREDITORIOS,2023-11-30,Subclasse Subordinada 0 | 0,0,
51.008.211/0001-01,FUNDO DE INVESTIMENTO EM DIREITOS CREDITÓRIOS AGRO TECH TRAIVE,2023-11-30,Subclasse Subordinada  |,1,
51.008.211/0001-01,FUNDO DE INVESTIMENTO EM DIREITOS CREDITÓRIOS AGRO TECH TRAIVE,2023-11-30,Subclasse Subordinada  |,4,
51.554.551/0001-38,FUNDO DE INVESTIMENTO EM DIREITOS CREDITÓRIOS CRÉDITO NITRO AGRO,2023-11-30,Subclasse Subordinada  |,17,
51.554.551/0001-38,FUNDO DE INVESTIMENTO EM DIREITOS CREDITÓRIOS CRÉDITO NITRO AGRO,2023-11-30,Subclasse Subordinada  |,1,
52.273.542/0001-31,FÊNIX FUNDO DE INVESTIMENTO EM DIREITOS CREDITÓRIOS,2023-11-30,Subclasse Senior,3,
52.273.542/0001-31,FÊNIX FUNDO DE INVESTIMENTO EM DIREITOS CREDITÓRIOS,2023-11-30,Subclasse Senior,1,
52.273.542/0001-31,FÊNIX FUNDO DE INVESTIMENTO EM DIREITOS CREDITÓRIOS,2023-11-30,Subclasse Subordinada  |,2,
52.273.542/0001-31,FÊNIX FUNDO DE INVESTIMENTO EM DIREITOS CREDITÓRIOS,2023-11-30,Subclasse Subordinada  |,1,
08.632.394/0001-02,RED - FUNDO DE  INVESTIMENTO EM DIREITOS CREDITÓRIOS MULTISETORIAL LP - RESPONSABILIDADE  LIMITADA,2023-12-31,Subclasse Senior Serie 1,185,
08.632.394/0001-02,RED - FUNDO DE  INVESTIMENTO EM DIREITOS CREDITÓRIOS MULTISETORIAL LP - RESPONSABILIDADE  LIMITADA,2023-12-31,Subclasse Senior Serie 1,185,
08.632.394/0001-02,RED - FUNDO DE  INVESTIMENTO EM DIREITOS CREDITÓRIOS MULTISETORIAL LP - RESPONSABILIDADE  LIMITADA,2023-12-31,Subclasse Senior Serie 2,1,
08.632.394/0001-02,RED - FUNDO DE  INVESTIMENTO EM DIREITOS CREDITÓRIOS MULTISETORIAL LP - RESPONSABILIDADE  LIMITADA,2023-12-31,Subclasse Senior Serie 2,1,
08.632.394/0001-02,RED - FUNDO DE  INVESTIMENTO EM DIREITOS CREDITÓRIOS MULTISETORIAL LP - RESPONSABILIDADE  LIMITADA,2023-12-31,Subclasse Subordinada Sub | Subordinada 1,3,
08.632.394/0001-02,RED - FUNDO DE  INVESTIMENTO EM DIREITOS CREDITÓRIOS MULTISETORIAL LP - RESPONSABILIDADE  LIMITADA,2023-12-31,Subclasse Subordinada Sub | Subordinada 1,3,
08.654.210/0001-05,FUNDO DE INVESTIMENTO EM DIREITOS CREDITÓRIOS MULTISSETORIAL ONE7 LP,2023-12-31,Subclasse Subordinada Cota Mezanino | Serie 1,0,
08.654.210/0001-05,FUNDO DE INVESTIMENTO EM DIREITOS CREDITÓRIOS MULTISSETORIAL ONE7 LP,2023-12-31,Subclasse Subordinada Cota Mezanino | Serie 1,0,
08.845.618/0001-64,FIDC MULTISETORIAL MAXIMUM,2023-12-31,Subclasse Senior,0,
08.845.618/0001-64,FIDC MULTISETORIAL MAXIMUM,2023-12-31,Subclasse Senior,0,
08.845.618/0001-64,FIDC MULTISETORIAL MAXIMUM,2023-12-31,Subclasse Senior,0,
08.845.618/0001-64,FIDC MULTISETORIAL MAXIMUM,2023-12-31,Subclasse Senior,0,
08.845.618/0001-64,FIDC MULTISETORIAL MAXIMUM,2023-12-31,Subclasse Subordinada  |,0,
08.845.618/0001-64,FIDC MULTISETORIAL MAXIMUM,2023-12-31,Subclasse Subordinada  |,0,
08.845.618/0001-64,FIDC MULTISETORIAL MAXIMUM,2023-12-31,Subclasse Subordinada  |,0,
08.845.618/0001-64,FIDC MULTISETORIAL MAXIMUM,2023-12-31,Subclasse Subordinada  |,0,
11.823.118/0001-36,FUNDO DE INVESTIMENTO EM DIREITOS CREDITÓRIOS MULTISSETORIAL PREVIA,2023-12-31,Subclasse Senior Série 1,2,
11.823.118/0001-36,FUNDO DE INVESTIMENTO EM DIREITOS CREDITÓRIOS MULTISSETORIAL PREVIA,2023-12-31,Subclasse Senior Série 1,2,
11.823.118/0001-36,FUNDO DE INVESTIMENTO EM DIREITOS CREDITÓRIOS MULTISSETORIAL PREVIA,2023-12-31,Subclasse Senior Série 2,1,
11.823.118/0001-36,FUNDO DE INVESTIMENTO EM DIREITOS CREDITÓRIOS MULTISSETORIAL PREVIA,2023-12-31,Subclasse Senior Série 2,1,
11.823.118/0001-36,FUNDO DE INVESTIMENTO EM DIREITOS CREDITÓRIOS MULTISSETORIAL PREVIA,2023-12-31,Subclasse Senior Série 4,3,
11.823.118/0001-36,FUNDO DE INVESTIMENTO EM DIREITOS CREDITÓRIOS MULTISSETORIAL PREVIA,2023-12-31,Subclasse Senior Série 4,3,
11.823.118/0001-36,FUNDO DE INVESTIMENTO EM DIREITOS CREDITÓRIOS MULTISSETORIAL PREVIA,2023-12-31,Subclasse Subordinada Sub | Subordinada 1,12,
11.823.118/0001-36,FUNDO DE INVESTIMENTO EM DIREITOS CREDITÓRIOS MULTISSETORIAL PREVIA,2023-12-31,Subclasse Subordinada Sub | Subordinada 1,12,
12.803.721/0001-19,FUNDO DE INVESTIMENTO EM DIREITOS CREDITÓRIOS FRATTO,2023-12-31,Subclasse Senior 0,0,
12.803.721/0001-19,FUNDO DE INVESTIMENTO EM DIREITOS CREDITÓRIOS FRATTO,2023-12-31,Subclasse Senior 0,0,
12.803.721/0001-19,FUNDO DE INVESTIMENTO EM DIREITOS CREDITÓRIOS FRATTO,2023-12-31,Subclasse Subordinada 0 | 0,0,
12.803.721/0001-19,FUNDO DE INVESTIMENTO EM DIREITOS CREDITÓRIOS FRATTO,2023-12-31,Subclasse Subordinada 0 | 0,0,
12.803.721/0001-19,FUNDO DE INVESTIMENTO EM DIREITOS CREDITÓRIOS FRATTO,2023-12-31,Subclasse Subordinada 0 | 0,0,
19.388.423/0001-59,FUNDO DE INVESTIMENTO EM DIREITOS CREDITÓRIOS IOX I,2023-12-31,Subclasse Senior Serie Unica,0,
19.388.423/0001-59,FUNDO DE INVESTIMENTO EM DIREITOS CREDITÓRIOS IOX I,2023-12-31,Subclasse Senior Serie Unica,0,
22.003.571/0001-12,INVESTOR FUNDO DE INVESTIMENTO EM DIREITOS CREDITÓRIOS,2023-12-31,Subclasse Senior Serie Unica,0,
22.003.571/0001-12,INVESTOR FUNDO DE INVESTIMENTO EM DIREITOS CREDITÓRIOS,2023-12-31,Subclasse Senior Serie Unica,0,
23.521.077/0001-02,CONSIGA MAIS FUNDO DE INVESTIMENTO EM DIREITOS CREDITÓRIOS,2023-12-31,Subclasse Subordinada Cota Mezanino | Serie 2,0,
23.521.077/0001-02,CONSIGA MAIS FUNDO DE INVESTIMENTO EM DIREITOS CREDITÓRIOS,2023-12-31,Subclasse Subordinada Cota Mezanino | Serie 2,0,
23.957.002/0001-79,FUNDO DE INVESTIMENTO EM DIREITOS CREDITORIOS EMPIRICA RECARGA VIRTUAL,2023-12-31,Subclasse Senior Serie Unica,0,
23.957.002/0001-79,FUNDO DE INVESTIMENTO EM DIREITOS CREDITORIOS EMPIRICA RECARGA VIRTUAL,2023-12-31,Subclasse Senior Serie Unica,0,
26.690.344/0001-63,FATORI FUNDO DE INVESTIMENTO EM DIREITOS CREDITORIOS MULTISSETORIAL,2023-12-31,Subclasse Senior Serie Unica,0,
26.690.344/0001-63,FATORI FUNDO DE INVESTIMENTO EM DIREITOS CREDITORIOS MULTISSETORIAL,2023-12-31,Subclasse Senior Serie Unica,0,
28.169.275/0001-72,FUNDO DE INVESTIMENTO EM DIREITOS CREDITÓRIOS PAGSEGURO I,2023-12-31,Subclasse Senior,10,
28.169.275/0001-72,FUNDO DE INVESTIMENTO EM DIREITOS CREDITÓRIOS PAGSEGURO I,2023-12-31,Subclasse Senior,0,
28.169.275/0001-72,FUNDO DE INVESTIMENTO EM DIREITOS CREDITÓRIOS PAGSEGURO I,2023-12-31,Subclasse Subordinada  |,2,
28.169.275/0001-72,FUNDO DE INVESTIMENTO EM DIREITOS CREDITÓRIOS PAGSEGURO I,2023-12-31,Subclasse Subordinada  |,0,
28.169.275/0001-72,FUNDO DE INVESTIMENTO EM DIREITOS CREDITÓRIOS PAGSEGURO I,2023-12-31,Subclasse Subordinada  |,0,
29.152.737/0001-01,POUSO ALEGRE FIC FIDC MULTISSETORIAL - RESPONSABILIDADE LIMITADA,2023-12-31,Subclasse Senior Serie Unica,0,
29.152.737/0001-01,POUSO ALEGRE FIC FIDC MULTISSETORIAL - RESPONSABILIDADE LIMITADA,2023-12-31,Subclasse Senior Serie Unica,0,
29.292.189/0001-15,FUNDO DE INVESTIMENTO EM DIREITOS CREDITORIOS HENDRIKSEN,2023-12-31,Subclasse Senior 0,0,
29.292.189/0001-15,FUNDO DE INVESTIMENTO EM DIREITOS CREDITORIOS HENDRIKSEN,2023-12-31,Subclasse Senior 0,0,
29.292.189/0001-15,FUNDO DE INVESTIMENTO EM DIREITOS CREDITORIOS HENDRIKSEN,2023-12-31,Subclasse Subordinada 0 | 0,0,
29.292.189/0001-15,FUNDO DE INVESTIMENTO EM DIREITOS CREDITORIOS HENDRIKSEN,2023-12-31,Subclasse Subordinada 0 | 0,0,
29.292.189/0001-15,FUNDO DE INVESTIMENTO EM DIREITOS CREDITORIOS HENDRIKSEN,2023-12-31,Subclasse Subordinada 0 | 0,0,
31.368.812/0001-18,FUNDO DE INVESTIMENTO EM DIREITOS CREDITÓRIOS BIZCAPITAL EMPÍRICA PME RESPONSABILIDADE LIMITADA,2023-12-31,Subclasse Senior,0,
31.368.812/0001-18,FUNDO DE INVESTIMENTO EM DIREITOS CREDITÓRIOS BIZCAPITAL EMPÍRICA PME RESPONSABILIDADE LIMITADA,2023-12-31,Subclasse Senior,0,
32.302.296/0001-91,FUNDO DE INVESTIMENTO EM  DIREITOS CREDITÓRIOS SOLIS EXT CAPITAL,2023-12-31,Subclasse Senior Serie 1,2,
32.302.296/0001-91,FUNDO DE INVESTIMENTO EM  DIREITOS CREDITÓRIOS SOLIS EXT CAPITAL,2023-12-31,Subclasse Senior Serie 1,2,
32.302.296/0001-91,FUNDO DE INVESTIMENTO EM  DIREITOS CREDITÓRIOS SOLIS EXT CAPITAL,2023-12-31,Subclasse Subordinada Sub | Subordinada 1,1,
32.302.296/0001-91,FUNDO DE INVESTIMENTO EM  DIREITOS CREDITÓRIOS SOLIS EXT CAPITAL,2023-12-31,Subclasse Subordinada Sub | Subordinada 1,1,
32.302.296/0001-91,FUNDO DE INVESTIMENTO EM  DIREITOS CREDITÓRIOS SOLIS EXT CAPITAL,2023-12-31,Subclasse Subordinada Sub | Subordinada 2,2,
32.302.296/0001-91,FUNDO DE INVESTIMENTO EM  DIREITOS CREDITÓRIOS SOLIS EXT CAPITAL,2023-12-31,Subclasse Subordinada Sub | Subordinada 2,2,
32.528.241/0001-02,DANIELE MÚLTIPLO FUNDO DE INVESTIMENTO EM DIREITOS CREDITÓRIOS,2023-12-31,Subclasse Subordinada Sub | Subordinada 1,1,
32.528.241/0001-02,DANIELE MÚLTIPLO FUNDO DE INVESTIMENTO EM DIREITOS CREDITÓRIOS,2023-12-31,Subclasse Subordinada Sub | Subordinada 1,1,
34.508.357/0001-05,FUNDO DE INVESTIMENTO EM DIREITOS CREDITÓRIOS IRON CAPITAL - MEUCASHCARD,2023-12-31,Subclasse Subordinada  |,5,
34.508.357/0001-05,FUNDO DE INVESTIMENTO EM DIREITOS CREDITÓRIOS IRON CAPITAL - MEUCASHCARD,2023-12-31,Subclasse Subordinada  |,2,
35.654.823/0001-15,ADGM FUNDO DE INVESTIMENTO EM DIREITOS CREDITÓRIOS,2023-12-31,Subclasse Subordinada Cota Mezanino | Serie 0,0,
35.654.823/0001-15,ADGM FUNDO DE INVESTIMENTO EM DIREITOS CREDITÓRIOS,2023-12-31,Subclasse Subordinada Cota Mezanino | Serie 0,0,
35.689.601/0001-38,ÁGIS  - FUNDO DE INVESTIMENTO EM DIREITOS CREDITÓRIOS NÃO PADRONIZADOS,2023-12-31,Subclasse Senior,0,
35.689.601/0001-38,ÁGIS  - FUNDO DE INVESTIMENTO EM DIREITOS CREDITÓRIOS NÃO PADRONIZADOS,2023-12-31,Subclasse Senior,0,
35.844.801/0001-18,NF FUNDO DE INVESTIMENTO EM DIREITOS CREDITÓRIOS,2023-12-31,Subclasse Senior,1,
35.844.801/0001-18,NF FUNDO DE INVESTIMENTO EM DIREITOS CREDITÓRIOS,2023-12-31,Subclasse Senior,1,
37.351.013/0001-15,CS FUNDO DE INVESTIMENTO EM DIREITOS CREDITORIOS,2023-12-31,Subclasse Senior,2,
37.351.013/0001-15,CS FUNDO DE INVESTIMENTO EM DIREITOS CREDITORIOS,2023-12-31,Subclasse Senior,1,
37.351.013/0001-15,CS FUNDO DE INVESTIMENTO EM DIREITOS CREDITORIOS,2023-12-31,Subclasse Senior,1,
37.606.580/0001-75,OPENCO FUNDO DE INVESTIMENTO EM DIREITOS CREDITORIOS,2023-12-31,Subclasse Subordinada  |,1,
37.606.580/0001-75,OPENCO FUNDO DE INVESTIMENTO EM DIREITOS CREDITORIOS,2023-12-31,Subclasse Subordinada  |,23,
38.305.947/0001-83,ESTRUTURADO FUNDO DE INVESTIMENTO EM DIREITOS CREDITÓRIOS,2023-12-31,Subclasse Senior Serie 1,1,
38.305.947/0001-83,ESTRUTURADO FUNDO DE INVESTIMENTO EM DIREITOS CREDITÓRIOS,2023-12-31,Subclasse Senior Serie 1,1,
38.305.947/0001-83,ESTRUTURADO FUNDO DE INVESTIMENTO EM DIREITOS CREDITÓRIOS,2023-12-31,Subclasse Senior Serie 2,1,
38.305.947/0001-83,ESTRUTURADO FUNDO DE INVESTIMENTO EM DIREITOS CREDITÓRIOS,2023-12-31,Subclasse Senior Serie 2,1,
38.305.947/0001-83,ESTRUTURADO FUNDO DE INVESTIMENTO EM DIREITOS CREDITÓRIOS,2023-12-31,Subclasse Senior Serie 3,1,
38.305.947/0001-83,ESTRUTURADO FUNDO DE INVESTIMENTO EM DIREITOS CREDITÓRIOS,2023-12-31,Subclasse Senior Serie 3,1,
38.305.947/0001-83,ESTRUTURADO FUNDO DE INVESTIMENTO EM DIREITOS CREDITÓRIOS,2023-12-31,Subclasse Subordinada Sub | Subordinada 1,1,
38.305.947/0001-83,ESTRUTURADO FUNDO DE INVESTIMENTO EM DIREITOS CREDITÓRIOS,2023-12-31,Subclasse Subordinada Sub | Subordinada 1,4,
38.305.947/0001-83,ESTRUTURADO FUNDO DE INVESTIMENTO EM DIREITOS CREDITÓRIOS,2023-12-31,Subclasse Subordinada Sub | Subordinada 2,1,
38.305.947/0001-83,ESTRUTURADO FUNDO DE INVESTIMENTO EM DIREITOS CREDITÓRIOS,2023-12-31,Subclasse Subordinada Sub | Subordinada 2,1,
38.305.947/0001-83,ESTRUTURADO FUNDO DE INVESTIMENTO EM DIREITOS CREDITÓRIOS,2023-12-31,Subclasse Subordinada Sub | Subordinada 3,1,
38.305.947/0001-83,ESTRUTURADO FUNDO DE INVESTIMENTO EM DIREITOS CREDITÓRIOS,2023-12-31,Subclasse Subordinada Sub | Subordinada 3,1,
38.305.947/0001-83,ESTRUTURADO FUNDO DE INVESTIMENTO EM DIREITOS CREDITÓRIOS,2023-12-31,Subclasse Subordinada Sub | Subordinada 4,1,
38.305.947/0001-83,ESTRUTURADO FUNDO DE INVESTIMENTO EM DIREITOS CREDITÓRIOS,2023-12-31,Subclasse Subordinada Sub | Subordinada 4,4,
38.455.413/0001-33,FUNDO DE INVESTIMENTO EM DIREITOS CREDITÓRIOS - SIMPAR,2023-12-31,Subclasse Subordinada  |,1,
38.455.413/0001-33,FUNDO DE INVESTIMENTO EM DIREITOS CREDITÓRIOS - SIMPAR,2023-12-31,Subclasse Subordinada  |,1,
39.616.091/0001-20,TECNOMYL FUNDO DE INVESTIMENTO EM DIREITOS CREDITÓRIOS RESPONSABILIDADE LIMITADA,2023-12-31,Subclasse Subordinada  |,7,
39.616.091/0001-20,TECNOMYL FUNDO DE INVESTIMENTO EM DIREITOS CREDITÓRIOS RESPONSABILIDADE LIMITADA,2023-12-31,Subclasse Subordinada  |,4,
39.669.950/0001-49,FIDC OCEANO MULTIESTRATÉGIA CONSIGNADOS RESPONSABILIDADE LIMITADA,2023-12-31,Subclasse Senior 0,0,
39.669.950/0001-49,FIDC OCEANO MULTIESTRATÉGIA CONSIGNADOS RESPONSABILIDADE LIMITADA,2023-12-31,Subclasse Senior 0,0,
39.669.950/0001-49,FIDC OCEANO MULTIESTRATÉGIA CONSIGNADOS RESPONSABILIDADE LIMITADA,2023-12-31,Subclasse Subordinada 0 | 0,0,
39.669.950/0001-49,FIDC OCEANO MULTIESTRATÉGIA CONSIGNADOS RESPONSABILIDADE LIMITADA,2023-12-31,Subclasse Subordinada 0 | 0,0,
39.669.950/0001-49,FIDC OCEANO MULTIESTRATÉGIA CONSIGNADOS RESPONSABILIDADE LIMITADA,2023-12-31,Subclasse Subordinada 0 | 0,0,
40.211.675/0001-02,G VALUE FUNDO DE INVESTIMENTO EM DIREITOS CREDITÓRIOS NÃO PADRONIZADO,2023-12-31,Subclasse Senior 0,0,
40.211.675/0001-02,G VALUE FUNDO DE INVESTIMENTO EM DIREITOS CREDITÓRIOS NÃO PADRONIZADO,2023-12-31,Subclasse Senior 0,0,
40.676.621/0001-04,GHIA RECEBÍVEIS I FUNDO DE INVESTIMENTO EM DIREITOS CREDITÓRIOS,2023-12-31,Subclasse Subordinada  |,1,
40.676.621/0001-04,GHIA RECEBÍVEIS I FUNDO DE INVESTIMENTO EM DIREITOS CREDITÓRIOS,2023-12-31,Subclasse Subordinada  |,1,
40.794.358/0001-58,AUTO LOANS FUNDO DE INVESTIMENTO EM DIREITOS CREDITÓRIOS RESPONSABILIDADE LIMITADA,2023-12-31,Subclasse Subordinada  |,6,
40.794.358/0001-58,AUTO LOANS FUNDO DE INVESTIMENTO EM DIREITOS CREDITÓRIOS RESPONSABILIDADE LIMITADA,2023-12-31,Subclasse Subordinada  |,4,
41.287.621/0001-85,TRIPOLI NPL FUNDO DE INVESTIMENTO EM DIREITOS CREDITÓRIOS,2023-12-31,Subclasse Subordinada  |,4,
41.287.621/0001-85,TRIPOLI NPL FUNDO DE INVESTIMENTO EM DIREITOS CREDITÓRIOS,2023-12-31,Subclasse Subordinada  |,5,
41.755.849/0001-52,BLT FUNDO DE INVESTIMENTO EM DIREITOS CREDITÓRIOS RESPONSABILIDADE LIMITADA,2023-12-31,Subclasse Senior 0,0,
41.755.849/0001-52,BLT FUNDO DE INVESTIMENTO EM DIREITOS CREDITÓRIOS RESPONSABILIDADE LIMITADA,2023-12-31,Subclasse Senior 0,0,
41.755.849/0001-52,BLT FUNDO DE INVESTIMENTO EM DIREITOS CREDITÓRIOS RESPONSABILIDADE LIMITADA,2023-12-31,Subclasse Subordinada 0 | 0,0,
41.755.849/0001-52,BLT FUNDO DE INVESTIMENTO EM DIREITOS CREDITÓRIOS RESPONSABILIDADE LIMITADA,2023-12-31,Subclasse Subordinada 0 | 0,0,
41.755.849/0001-52,BLT FUNDO DE INVESTIMENTO EM DIREITOS CREDITÓRIOS RESPONSABILIDADE LIMITADA,2023-12-31,Subclasse Subordinada 0 | 0,0,
41.755.875/0001-80,BTZ FUNDO DE INVESTIMENTO EM DIREITOS CREDITÓRIOS RESPONSABILIDADE LIMITADA,2023-12-31,Subclasse Senior 0,0,
41.755.875/0001-80,BTZ FUNDO DE INVESTIMENTO EM DIREITOS CREDITÓRIOS RESPONSABILIDADE LIMITADA,2023-12-31,Subclasse Senior 0,0,
41.755.875/0001-80,BTZ FUNDO DE INVESTIMENTO EM DIREITOS CREDITÓRIOS RESPONSABILIDADE LIMITADA,2023-12-31,Subclasse Subordinada 0 | 0,0,
41.755.875/0001-80,BTZ FUNDO DE INVESTIMENTO EM DIREITOS CREDITÓRIOS RESPONSABILIDADE LIMITADA,2023-12-31,Subclasse Subordinada 0 | 0,0,
41.755.875/0001-80,BTZ FUNDO DE INVESTIMENTO EM DIREITOS CREDITÓRIOS RESPONSABILIDADE LIMITADA,2023-12-31,Subclasse Subordinada 0 | 0,0,
41.778.453/0001-20,FUNDO DE INVESTIMENTO EM DIREITOS CREDITÓRIOS DE RESPONSABILIDADE LIMITADA INCLUSÃO FINANCEIRA,2023-12-31,Subclasse Subordinada  |,1,
41.778.453/0001-20,FUNDO DE INVESTIMENTO EM DIREITOS CREDITÓRIOS DE RESPONSABILIDADE LIMITADA INCLUSÃO FINANCEIRA,2023-12-31,Subclasse Subordinada  |,10,
41.778.453/0001-20,FUNDO DE INVESTIMENTO EM DIREITOS CREDITÓRIOS DE RESPONSABILIDADE LIMITADA INCLUSÃO FINANCEIRA,2023-12-31,Subclasse Subordinada  |,13,
42.043.830/0001-46,ALGARVE MALL FUNDO DE INVESTIMENTO EM DIREITOS CREDITÓRIOS - RESPONSABILIDADE LIMITADA,2023-12-31,Subclasse Senior,1,
42.043.830/0001-46,ALGARVE MALL FUNDO DE INVESTIMENTO EM DIREITOS CREDITÓRIOS - RESPONSABILIDADE LIMITADA,2023-12-31,Subclasse Senior,0,
42.154.687/0001-60,MULTIPLIKE PLUS FUNDO DE INVESTIMENTO EM DIREITOS CREDITÓRIOS,2023-12-31,Subclasse Senior Serie 1,0,
42.154.687/0001-60,MULTIPLIKE PLUS FUNDO DE INVESTIMENTO EM DIREITOS CREDITÓRIOS,2023-12-31,Subclasse Senior Serie 1,0,
42.174.080/0001-41,RAM FUNDO DE INVESTIMENTO EM DIREITOS CREDITORIOS RESPONSABILIDADE LIMITADA,2023-12-31,Subclasse Subordinada Sub | Subordinada 1,1,
42.174.080/0001-41,RAM FUNDO DE INVESTIMENTO EM DIREITOS CREDITORIOS RESPONSABILIDADE LIMITADA,2023-12-31,Subclasse Subordinada Sub | Subordinada 1,2,
42.404.659/0001-53,ARCESP CONSIGNADO FUNDO DE INVESTIMENTO EM DIREITOS CREDITÓRIOS,2023-12-31,Subclasse Subordinada  |,1,
42.404.659/0001-53,ARCESP CONSIGNADO FUNDO DE INVESTIMENTO EM DIREITOS CREDITÓRIOS,2023-12-31,Subclasse Subordinada  |,3,
42.518.335/0001-46,AFA HIGH YIELD CREDIT OPPORTUNITY FUNDO DE INVESTIMENTO EM DIREITOS CREDITORIOS,2023-12-31,Subclasse Subordinada 0 | 0,0,
42.518.335/0001-46,AFA HIGH YIELD CREDIT OPPORTUNITY FUNDO DE INVESTIMENTO EM DIREITOS CREDITORIOS,2023-12-31,Subclasse Subordinada 0 | 0,0,
42.866.998/0001-51,PRECAVIDA FUNDO DE INVESTIMENTO EM DIREITOS CREDITÓRIOS,2023-12-31,Subclasse Senior 0,0,
42.866.998/0001-51,PRECAVIDA FUNDO DE INVESTIMENTO EM DIREITOS CREDITÓRIOS,2023-12-31,Subclasse Senior 0,0,
42.866.998/0001-51,PRECAVIDA FUNDO DE INVESTIMENTO EM DIREITOS CREDITÓRIOS,2023-12-31,Subclasse Senior 0,0,
43.866.327/0001-53,FG NOW FUNDO DE INVESTIMENTO EM DIREITOS CREDITÓRIOS,2023-12-31,Subclasse Subordinada  |,1,
43.866.327/0001-53,FG NOW FUNDO DE INVESTIMENTO EM DIREITOS CREDITÓRIOS,2023-12-31,Subclasse Subordinada  |,3,
43.866.348/0001-79,FUNDO DE INVESTIMENTO EM DIREITOS CREDITÓRIOS OPEA AGRO SUMITOMO CHEMICAL RESP LIMITADA,2023-12-31,Subclasse Subordinada  |,1,
43.866.348/0001-79,FUNDO DE INVESTIMENTO EM DIREITOS CREDITÓRIOS OPEA AGRO SUMITOMO CHEMICAL RESP LIMITADA,2023-12-31,Subclasse Subordinada  |,27,
43.866.371/0001-63,PLUGIFY TECH I FUNDO DE INVESTIMENTO EM DIREITOS CREDITÓRIOS,2023-12-31,Subclasse Subordinada  |,11,
43.866.371/0001-63,PLUGIFY TECH I FUNDO DE INVESTIMENTO EM DIREITOS CREDITÓRIOS,2023-12-31,Subclasse Subordinada  |,23,
44.272.584/0001-20,LAVORO AGRO FIDC DAS CADEIAS PRODUTIVAS AGROINDUSTRIAIS - REPONSABILIDADE LIMITADA,2023-12-31,Subclasse Subordinada  |,4,
44.272.584/0001-20,LAVORO AGRO FIDC DAS CADEIAS PRODUTIVAS AGROINDUSTRIAIS - REPONSABILIDADE LIMITADA,2023-12-31,Subclasse Subordinada  |,7,
44.272.584/0001-20,LAVORO AGRO FIDC DAS CADEIAS PRODUTIVAS AGROINDUSTRIAIS - REPONSABILIDADE LIMITADA,2023-12-31,Subclasse Subordinada  |,14,
44.302.112/0001-72,CLASSE ÚNICA FUNDO DE INVESTIMENTO EM DIREITOS CREDITÓRIOS AGRO CITI-BAYER RESPONSABILIDADE LIMITADA,2023-12-31,Subclasse Senior,0,
44.302.112/0001-72,CLASSE ÚNICA FUNDO DE INVESTIMENTO EM DIREITOS CREDITÓRIOS AGRO CITI-BAYER RESPONSABILIDADE LIMITADA,2023-12-31,Subclasse Senior,1,
44.302.112/0001-72,CLASSE ÚNICA FUNDO DE INVESTIMENTO EM DIREITOS CREDITÓRIOS AGRO CITI-BAYER RESPONSABILIDADE LIMITADA,2023-12-31,Subclasse Subordinada  |,1,
44.302.112/0001-72,CLASSE ÚNICA FUNDO DE INVESTIMENTO EM DIREITOS CREDITÓRIOS AGRO CITI-BAYER RESPONSABILIDADE LIMITADA,2023-12-31,Subclasse Subordinada  |,1,
45.188.001/0001-40,PERSA FUNDO DE INVESTIMENTO EM DIREITOS CREDITÓRIOS NÃO-PADRONIZADOS,2023-12-31,Subclasse Senior Serie 1,0,
45.188.001/0001-40,PERSA FUNDO DE INVESTIMENTO EM DIREITOS CREDITÓRIOS NÃO-PADRONIZADOS,2023-12-31,Subclasse Senior Serie 1,0,
45.188.001/0001-40,PERSA FUNDO DE INVESTIMENTO EM DIREITOS CREDITÓRIOS NÃO-PADRONIZADOS,2023-12-31,Subclasse Subordinada Cota Mezanino | Serie 1,0,
45.188.001/0001-40,PERSA FUNDO DE INVESTIMENTO EM DIREITOS CREDITÓRIOS NÃO-PADRONIZADOS,2023-12-31,Subclasse Subordinada Cota Mezanino | Serie 1,0,
45.207.034/0001-90,PRECATO II FUNDO DE INVESTIMENTO EM DIREITOS CREDITÓRIOS DE RESPONSABILIDADE LIMITADA,2023-12-31,Subclasse Subordinada  |,13,
45.207.034/0001-90,PRECATO II FUNDO DE INVESTIMENTO EM DIREITOS CREDITÓRIOS DE RESPONSABILIDADE LIMITADA,2023-12-31,Subclasse Subordinada  |,8,
47.117.912/0001-01,SOLIS ÚNICO CONSIGNADO FUNDO DE INVESTIMENTO EM DIREITOS  CREDITÓRIOS,2023-12-31,Subclasse Senior Serie 1,5,
47.117.912/0001-01,SOLIS ÚNICO CONSIGNADO FUNDO DE INVESTIMENTO EM DIREITOS  CREDITÓRIOS,2023-12-31,Subclasse Senior Serie 1,5,
47.117.912/0001-01,SOLIS ÚNICO CONSIGNADO FUNDO DE INVESTIMENTO EM DIREITOS  CREDITÓRIOS,2023-12-31,Subclasse Senior Serie 2,2,
47.117.912/0001-01,SOLIS ÚNICO CONSIGNADO FUNDO DE INVESTIMENTO EM DIREITOS  CREDITÓRIOS,2023-12-31,Subclasse Senior Serie 2,2,
47.117.912/0001-01,SOLIS ÚNICO CONSIGNADO FUNDO DE INVESTIMENTO EM DIREITOS  CREDITÓRIOS,2023-12-31,Subclasse Subordinada Sub | Subordinada 1,4,
47.117.912/0001-01,SOLIS ÚNICO CONSIGNADO FUNDO DE INVESTIMENTO EM DIREITOS  CREDITÓRIOS,2023-12-31,Subclasse Subordinada Sub | Subordinada 1,4,
47.117.912/0001-01,SOLIS ÚNICO CONSIGNADO FUNDO DE INVESTIMENTO EM DIREITOS  CREDITÓRIOS,2023-12-31,Subclasse Subordinada Sub | Subordinada 2,2,
47.117.912/0001-01,SOLIS ÚNICO CONSIGNADO FUNDO DE INVESTIMENTO EM DIREITOS  CREDITÓRIOS,2023-12-31,Subclasse Subordinada Sub | Subordinada 2,2,
47.117.912/0001-01,SOLIS ÚNICO CONSIGNADO FUNDO DE INVESTIMENTO EM DIREITOS  CREDITÓRIOS,2023-12-31,Subclasse Subordinada Sub | Subordinada 3,1,
47.117.912/0001-01,SOLIS ÚNICO CONSIGNADO FUNDO DE INVESTIMENTO EM DIREITOS  CREDITÓRIOS,2023-12-31,Subclasse Subordinada Sub | Subordinada 3,1,
50.309.743/0001-16,ARPEL CAPITAL FUNDO DE INVESTIMENTO EM DIREITOS CREDITORIOS,2023-12-31,Subclasse Senior 0,0,
50.309.743/0001-16,ARPEL CAPITAL FUNDO DE INVESTIMENTO EM DIREITOS CREDITORIOS,2023-12-31,Subclasse Senior 0,0,
50.309.743/0001-16,ARPEL CAPITAL FUNDO DE INVESTIMENTO EM DIREITOS CREDITORIOS,2023-12-31,Subclasse Subordinada 0 | 0,0,
50.309.743/0001-16,ARPEL CAPITAL FUNDO DE INVESTIMENTO EM DIREITOS CREDITORIOS,2023-12-31,Subclasse Subordinada 0 | 0,0,
50.309.743/0001-16,ARPEL CAPITAL FUNDO DE INVESTIMENTO EM DIREITOS CREDITORIOS,2023-12-31,Subclasse Subordinada 0 | 0,0,
51.008.211/0001-01,FUNDO DE INVESTIMENTO EM DIREITOS CREDITÓRIOS AGRO TECH TRAIVE,2023-12-31,Subclasse Subordinada  |,1,
51.008.211/0001-01,FUNDO DE INVESTIMENTO EM DIREITOS CREDITÓRIOS AGRO TECH TRAIVE,2023-12-31,Subclasse Subordinada  |,5,
51.554.551/0001-38,FUNDO DE INVESTIMENTO EM DIREITOS CREDITÓRIOS CRÉDITO NITRO AGRO,2023-12-31,Subclasse Subordinada  |,17,
51.554.551/0001-38,FUNDO DE INVESTIMENTO EM DIREITOS CREDITÓRIOS CRÉDITO NITRO AGRO,2023-12-31,Subclasse Subordinada  |,1,
52.273.542/0001-31,FÊNIX FUNDO DE INVESTIMENTO EM DIREITOS CREDITÓRIOS,2023-12-31,Subclasse Senior,3,
52.273.542/0001-31,FÊNIX FUNDO DE INVESTIMENTO EM DIREITOS CREDITÓRIOS,2023-12-31,Subclasse Senior,1,
52.273.542/0001-31,FÊNIX FUNDO DE INVESTIMENTO EM DIREITOS CREDITÓRIOS,2023-12-31,Subclasse Subordinada  |,3,
52.273.542/0001-31,FÊNIX FUNDO DE INVESTIMENTO EM DIREITOS CREDITÓRIOS,2023-12-31,Subclasse Subordinada  |,1,
53.217.556/0001-09,XP R1 FIC DE FUNDOS DE INVESTIMENTO EM DIREITOS CREDITÓRIOS JUDICIAIS DE RESPONSABILIDADE LIMITADA,2023-12-31,Subclasse Subordinada  |,21,
53.217.556/0001-09,XP R1 FIC DE FUNDOS DE INVESTIMENTO EM DIREITOS CREDITÓRIOS JUDICIAIS DE RESPONSABILIDADE LIMITADA,2023-12-31,Subclasse Subordinada  |,1,
